"date","ville","pays","no2","o3","pm25","temp_max","temp_min","temp_moy","amplitude","humidite"
2023-09-01,"Helsinki","Finlande",9.57,56.77,3.31,18,14,16,4,97
2023-09-02,"Helsinki","Finlande",6.34,49.73,3.83,16,12,14,4,91
2023-09-03,"Helsinki","Finlande",3.57,57.92,3.44,19,12,15.5,7,92
2023-09-04,"Helsinki","Finlande",5.21,55.62,3.42,19,12,15.5,7,88
2023-09-05,"Helsinki","Finlande",4.33,56.57,5.13,20,12,16,8,93
2023-09-06,"Helsinki","Finlande",4.57,43.16,3.35,17,10,13.5,7,83
2023-09-07,"Helsinki","Finlande",5.5,47.21,3.7,18,9,13.5,9,87
2023-09-08,"Helsinki","Finlande",9.84,44.11,5.63,20,13,16.5,7,94
2023-09-09,"Helsinki","Finlande",8.21,43.24,4.2,19,15,17,4,94
2023-09-10,"Helsinki","Finlande",6.18,57.74,9.1,20,15,17.5,5,93
2023-09-11,"Helsinki","Finlande",10.35,70,11.74,20,15,17.5,5,94
2023-09-12,"Helsinki","Finlande",11.19,75.03,13.69,21,15,18,6,93
2023-09-13,"Helsinki","Finlande",12.48,56.1,8.53,18,13,15.5,5,97
2023-09-14,"Helsinki","Finlande",7.51,34.12,2.69,14,10,12,4,92
2023-09-15,"Helsinki","Finlande",9.6,40.53,3.84,15,8,11.5,7,86
2023-09-16,"Helsinki","Finlande",2.58,64.49,2.69,16,12,14,4,84
2023-09-17,"Helsinki","Finlande",3.85,52.37,3.3,16,8,12,8,83
2023-09-18,"Helsinki","Finlande",10.51,40.49,2.21,13,7,10,6,89
2023-09-19,"Helsinki","Finlande",7.13,48.22,6.49,19,11,15,8,89
2023-09-20,"Helsinki","Finlande",4.44,62.43,3.86,16,13,14.5,3,87
2023-09-21,"Helsinki","Finlande",8.82,53.75,5.76,18,15,16.5,3,97
2023-09-22,"Helsinki","Finlande",8.1,59.69,8.65,20,15,17.5,5,89
2023-09-23,"Helsinki","Finlande",6.69,67.71,5.8,18,12,15,6,97
2023-09-24,"Helsinki","Finlande",3.19,61.28,3.48,16,12,14,4,88
2023-09-25,"Helsinki","Finlande",6.25,57.26,3.66,16,9,12.5,7,88
2023-09-26,"Helsinki","Finlande",4.41,74.61,5.02,16,13,14.5,3,89
2023-09-27,"Helsinki","Finlande",6.465,45.71,7.06,16,12,14,4,91
2023-09-28,"Helsinki","Finlande",8.52,61.72,9.24,18,14,16,4,96
2023-09-29,"Helsinki","Finlande",7.91,61.21,11.47,17,14,15.5,3,87
2023-09-30,"Helsinki","Finlande",4.72,61.45,5.17,16,12,14,4,97
2023-10-01,"Helsinki","Finlande",1.91,59.32,2.2,14,9,11.5,5,85
2023-10-02,"Helsinki","Finlande",8.95,50.91,3.3,14,8,11,6,89
2023-10-03,"Helsinki","Finlande",7.6,43.8,2.89,13,10,11.5,3,95
2023-10-04,"Helsinki","Finlande",6.27,50.54,3.58,11,9,10,2,93
2023-10-05,"Helsinki","Finlande",11.23,33.51,3.06,11,6,8.5,5,87
2023-10-06,"Helsinki","Finlande",6.48,48.71,1.95,10,3,6.5,7,82
2023-10-07,"Helsinki","Finlande",1.72,51.36,2.48,12,3,7.5,9,95
2023-10-08,"Helsinki","Finlande",1.77,51.39,3.41,5,3,4,2,83
2023-10-09,"Helsinki","Finlande",9.98,35.73,2.63,7,2,4.5,5,84
2023-10-10,"Helsinki","Finlande",13.09,42.65,2.94,9,3,6,6,83
2023-10-11,"Helsinki","Finlande",5.05,58.16,4.29,13,9,11,4,95
2023-10-12,"Helsinki","Finlande",3.19,66.87,2.96,10,7,8.5,3,78
2023-10-13,"Helsinki","Finlande",5.5,58.99,2.35,10,6,8,4,87
2023-10-14,"Helsinki","Finlande",3.25,63.22,3.4,14,9,11.5,5,95
2023-10-15,"Helsinki","Finlande",1.89,59.56,3.52,9,5,7,4,85
2023-10-16,"Helsinki","Finlande",4.93,51.21,3.42,7,4,5.5,3,82
2023-10-17,"Helsinki","Finlande",14.44,36.84,3.38,7,3,5,4,89
2023-10-18,"Helsinki","Finlande",12.9,33.42,5.11,4,0,2,4,80
2023-10-19,"Helsinki","Finlande",9.24,41.52,4.14,3,-1,1,4,86
2023-10-20,"Helsinki","Finlande",6.75,52.77,3.47,3,0,1.5,3,84
2023-10-21,"Helsinki","Finlande",7.72,50.9,3.17,5,1,3,4,76
2023-10-22,"Helsinki","Finlande",7.48,24.4,2.71,6,4,5,2,92
2023-10-23,"Helsinki","Finlande",16.57,8.47,5.82,5,3,4,2,91
2023-10-24,"Helsinki","Finlande",11.57,35.57,5.31,3,0,1.5,3,91
2023-10-25,"Helsinki","Finlande",14.66,37.81,3.88,4,1,2.5,3,88
2023-10-26,"Helsinki","Finlande",7.74,46.42,3.52,4,2,3,2,66
2023-10-27,"Helsinki","Finlande",11.51,30.1,5.49,3,1,2,2,96
2023-10-28,"Helsinki","Finlande",6.38,39.41,5.42,2,-1,0.5,3,92
2023-10-29,"Helsinki","Finlande",8.67,45.12,4.24,1,-3,-1,4,82
2023-10-30,"Helsinki","Finlande",22.29,20.18,5.61,2,-1,0.5,3,98
2023-10-31,"Helsinki","Finlande",11.5,21.31,2.78,6,0,3,6,94
2023-11-01,"Helsinki","Finlande",8.92,27.4,2.41,5,2,3.5,3,95
2023-11-02,"Helsinki","Finlande",14.55,35.68,3.6,3,1,2,2,81
2023-11-03,"Helsinki","Finlande",8.44,36.79,4.11,8,3,5.5,5,89
2023-11-04,"Helsinki","Finlande",3.47,47.7,4.89,8,7,7.5,1,92
2023-11-05,"Helsinki","Finlande",8.82,31.16,4.3,9,7,8,2,95
2023-11-06,"Helsinki","Finlande",16.66,20.49,6.72,7,6,6.5,1,98
2023-11-07,"Helsinki","Finlande",10.32,22.86,5.93,7,6,6.5,1,92
2023-11-08,"Helsinki","Finlande",12.25,32.02,4.72,7,5,6,2,90
2023-11-09,"Helsinki","Finlande",28.9,6.92,6.58,8,5,6.5,3,96
2023-11-10,"Helsinki","Finlande",11.07,31.16,5.83,7,5,6,2,94
2023-11-11,"Helsinki","Finlande",8.12,27.01,9.91,8,6,7,2,95
2023-11-12,"Helsinki","Finlande",6.88,22.05,2.18,6,4,5,2,94
2023-11-13,"Helsinki","Finlande",10.09,36.33,2.2,4,0,2,4,98
2023-11-14,"Helsinki","Finlande",12.58,37.3,5.08,1,-1,0,2,87
2023-11-15,"Helsinki","Finlande",11.29,40.6,5.38,0,-1,-0.5,1,85
2023-11-16,"Helsinki","Finlande",13.93,54.79,4.64,-1,-3,-2,2,84
2023-11-17,"Helsinki","Finlande",26.61,36.13,6.03,0,-3,-1.5,3,84
2023-11-18,"Helsinki","Finlande",16.82,46.54,4.27,0,-3,-1.5,3,78
2023-11-19,"Helsinki","Finlande",12.09,51.93,2.19,-1,-3,-2,2,96
2023-11-20,"Helsinki","Finlande",13.28,41.75,4.52,1,-2,-0.5,3,87
2023-11-21,"Helsinki","Finlande",17.29,34.49,5.9,-2,-6,-4,4,92
2023-11-22,"Helsinki","Finlande",16.67,42.63,3.93,1,-5,-2,6,89
2023-11-23,"Helsinki","Finlande",23.73,36.83,2.1,2,1,1.5,1,97
2023-11-24,"Helsinki","Finlande",10.71,39.46,4.58,0,-5,-2.5,5,92
2023-11-25,"Helsinki","Finlande",12.12,45.44,5.76,-5,-9,-7,4,84
2023-11-26,"Helsinki","Finlande",13.83,34.23,7.56,-6,-7,-6.5,1,76
2023-11-27,"Helsinki","Finlande",16.95,33.47,5.6,-5,-7,-6,2,87
2023-11-28,"Helsinki","Finlande",13.44,31.27,5.15,0,-7,-3.5,7,91
2023-11-29,"Helsinki","Finlande",18.98,23.63,5.99,-1,-3,-2,2,89
2023-11-30,"Helsinki","Finlande",11.27,35.48,4.7,-3,-5,-4,2,92
2023-12-01,"Helsinki","Finlande",15.05,31.86,6.41,-4,-9,-6.5,5,92
2023-12-02,"Helsinki","Finlande",13.77,25.79,8.18,-9,-12,-10.5,3,95
2023-12-03,"Helsinki","Finlande",16.86,14.36,7.44,-8,-13,-10.5,5,95
2023-12-04,"Helsinki","Finlande",24.22,11.12,7.9,-9,-13,-11,4,96
2023-12-05,"Helsinki","Finlande",38.54,4.35,11.65,-2,-13,-7.5,11,94
2023-12-06,"Helsinki","Finlande",11.38,31.74,5.63,-1,-7,-4,6,94
2023-12-07,"Helsinki","Finlande",7.54,43.4,4.95,-4,-8,-6,4,91
2023-12-08,"Helsinki","Finlande",17.9,27.03,6.54,-4,-5,-4.5,1,91
2023-12-09,"Helsinki","Finlande",22.93,8.99,7.93,-5,-5,-5,0,89
2023-12-10,"Helsinki","Finlande",8.25,21.43,7.89,-3,-4,-3.5,1,94
2023-12-11,"Helsinki","Finlande",21.53,10.54,9.19,0,-4,-2,4,96
2023-12-12,"Helsinki","Finlande",22.48,10.45,8.43,-3,-4,-3.5,1,94
2023-12-13,"Helsinki","Finlande",26.52,5.2,8.22,-5,-6,-5.5,1,94
2023-12-14,"Helsinki","Finlande",28.17,1.65,8.3,-8,-13,-10.5,5,96
2023-12-15,"Helsinki","Finlande",24.21,2.63,10.29,-7,-10,-8.5,3,96
2023-12-16,"Helsinki","Finlande",15.51,35.11,4.57,3,-10,-3.5,13,96
2023-12-17,"Helsinki","Finlande",8.56,61.86,3.68,4,-1,1.5,5,80
2023-12-18,"Helsinki","Finlande",10.38,43.56,2.3,2,-1,0.5,3,97
2023-12-19,"Helsinki","Finlande",7.4,56.69,1.58,5,1,3,4,98
2023-12-20,"Helsinki","Finlande",25.16,47.94,3.95,1,-4,-1.5,5,87
2023-12-21,"Helsinki","Finlande",21.09,39.61,3.2,1,-2,-0.5,3,97
2023-12-22,"Helsinki","Finlande",6.37,49.83,3.22,0,-1,-0.5,1,95
2023-12-23,"Helsinki","Finlande",10.24,29.71,4.76,1,-4,-1.5,5,95
2023-12-24,"Helsinki","Finlande",4.74,37.74,3.41,-2,-7,-4.5,5,97
2023-12-25,"Helsinki","Finlande",8.6,37.57,4.33,-1,-6,-3.5,5,96
2023-12-26,"Helsinki","Finlande",16.8,20.93,9.17,-5,-8,-6.5,3,96
2023-12-27,"Helsinki","Finlande",13.97,41,5.47,-3,-7,-5,4,95
2023-12-28,"Helsinki","Finlande",12.51,59.22,3.12,-1,-7,-4,6,93
2023-12-29,"Helsinki","Finlande",7.6,36.7,3.1,2,-1,0.5,3,99
2023-12-30,"Helsinki","Finlande",11.12,38.23,5.09,2,-7,-2.5,9,99
2023-12-31,"Helsinki","Finlande",14.85,30.62,12.4,-10,-14,-12,4,92
2024-01-01,"Helsinki","Finlande",11.2,51.13,8.08,-15,-16,-15.5,1,94
2024-01-02,"Helsinki","Finlande",21.64,43.91,4.52,-15,-18,-16.5,3,95
2024-01-03,"Helsinki","Finlande",18.09,45.68,3.93,-9,-17,-13,8,94
2024-01-04,"Helsinki","Finlande",15.97,45.32,4.65,-15,-18,-16.5,3,95
2024-01-05,"Helsinki","Finlande",16.77,47.6,5.35,-13,-16,-14.5,3,95
2024-01-06,"Helsinki","Finlande",24.07,37.18,10.72,-12,-18,-15,6,93
2024-01-07,"Helsinki","Finlande",45.5,23.54,13.37,-15,-21,-18,6,95
2024-01-08,"Helsinki","Finlande",18.25,49.86,5.19,-4,-14,-9,10,94
2024-01-09,"Helsinki","Finlande",10.04,59.24,2.4,2,-8,-3,10,96
2024-01-10,"Helsinki","Finlande",13.82,55.2,1.43,2,-1,0.5,3,99
2024-01-11,"Helsinki","Finlande",16.32,58.59,4.3,2,-10,-4,12,83
2024-01-12,"Helsinki","Finlande",15.05,51.96,4.77,-6,-16,-11,10,95
2024-01-13,"Helsinki","Finlande",14.66,49.71,2.88,-7,-14,-10.5,7,84
2024-01-14,"Helsinki","Finlande",11.91,43.09,6.38,-7,-10,-8.5,3,96
2024-01-15,"Helsinki","Finlande",25.25,28.28,8.09,-9,-15,-12,6,96
2024-01-16,"Helsinki","Finlande",20.27,46.6,7.85,-14,-19,-16.5,5,92
2024-01-17,"Helsinki","Finlande",36.91,40.67,5.95,-7,-23,-15,16,97
2024-01-18,"Helsinki","Finlande",14.2,57.01,4.34,-2,-10,-6,8,96
2024-01-19,"Helsinki","Finlande",14.5,48.58,7.89,-9,-20,-14.5,11,90
2024-01-20,"Helsinki","Finlande",54.19,17.95,9.45,-12,-21,-16.5,9,99
2024-01-21,"Helsinki","Finlande",21.1,47.48,9.1,1,-17,-8,18,97
2024-01-22,"Helsinki","Finlande",8.87,56.87,4.26,1,-1,0,2,97
2024-01-23,"Helsinki","Finlande",9.43,66.38,6.45,2,0,1,2,98
2024-01-24,"Helsinki","Finlande",12.09,52.53,2.53,1,-3,-1,4,98
2024-01-25,"Helsinki","Finlande",10.33,51.59,4.74,0,-6,-3,6,93
2024-01-26,"Helsinki","Finlande",17.24,55.85,2.88,-7,-13,-10,6,94
2024-01-27,"Helsinki","Finlande",4.75,59.88,4.48,-2,-8,-5,6,94
2024-01-28,"Helsinki","Finlande",8.49,52.76,3.33,2,-1,0.5,3,99
2024-01-29,"Helsinki","Finlande",11.66,49.13,7.92,3,1,2,2,87
2024-01-30,"Helsinki","Finlande",29.18,16.01,10.94,1,-2,-0.5,3,98
2024-01-31,"Helsinki","Finlande",13.77,23.19,8.53,2,1,1.5,1,100
2024-02-01,"Helsinki","Finlande",2.02,79.08,5.87,2,-2,0,4,97
2024-02-02,"Helsinki","Finlande",8.84,72.36,3.16,0,-4,-2,4,86
2024-02-03,"Helsinki","Finlande",11.32,58.5,4.1,2,-2,0,4,99
2024-02-04,"Helsinki","Finlande",4.46,76.41,2.94,0,-5,-2.5,5,79
2024-02-05,"Helsinki","Finlande",11.23,61.3,4.38,-2,-8,-5,6,92
2024-02-06,"Helsinki","Finlande",15.19,47.52,5.45,-7,-12,-9.5,5,94
2024-02-07,"Helsinki","Finlande",15.35,41.95,6.19,-9,-14,-11.5,5,91
2024-02-08,"Helsinki","Finlande",28.29,32.19,10.56,-12,-18,-15,6,98
2024-02-09,"Helsinki","Finlande",37.9,29.67,11.49,-10,-17,-13.5,7,96
2024-02-10,"Helsinki","Finlande",20.39,44.96,7.63,-8,-18,-13,10,95
2024-02-11,"Helsinki","Finlande",18.53,45.4,7.69,-7,-12,-9.5,5,93
2024-02-12,"Helsinki","Finlande",14.58,53.06,6.99,-6,-10,-8,4,96
2024-02-13,"Helsinki","Finlande",12.26,59.79,6.37,-6,-9,-7.5,3,84
2024-02-14,"Helsinki","Finlande",16.08,34.53,7,0,-5,-2.5,5,99
2024-02-15,"Helsinki","Finlande",17.68,24.58,7.38,0,-2,-1,2,99
2024-02-16,"Helsinki","Finlande",10.4,41.56,2.19,1,-3,-1,4,96
2024-02-17,"Helsinki","Finlande",5.97,52.42,5.57,3,-3,0,6,99
2024-02-18,"Helsinki","Finlande",21.57,59.91,4.94,-1,-9,-5,8,89
2024-02-19,"Helsinki","Finlande",14.05,56.14,3.06,-1,-9,-5,8,94
2024-02-20,"Helsinki","Finlande",12.63,53.47,4.68,-1,-8,-4.5,7,94
2024-02-21,"Helsinki","Finlande",10.81,40.93,6.01,-1,-3,-2,2,96
2024-02-22,"Helsinki","Finlande",12.4,34.12,3.14,1,0,0.5,1,99
2024-02-23,"Helsinki","Finlande",9.08,46.68,7.34,2,1,1.5,1,98
2024-02-24,"Helsinki","Finlande",10.25,47.26,4.56,2,-2,0,4,99
2024-02-25,"Helsinki","Finlande",9.62,58.13,5.74,3,0,1.5,3,93
2024-02-26,"Helsinki","Finlande",16.74,23.93,3.9,1,-2,-0.5,3,99
2024-02-27,"Helsinki","Finlande",16.69,34.94,3.65,2,0,1,2,99
2024-02-28,"Helsinki","Finlande",12.83,33.13,3.32,2,0,1,2,90
2024-02-29,"Helsinki","Finlande",9.02,57.11,4.22,2,-2,0,4,91
2024-03-01,"Helsinki","Finlande",9.32,52.49,4.1,3,0,1.5,3,94
2024-03-02,"Helsinki","Finlande",3.55,49.65,5.73,2,0,1,2,93
2024-03-03,"Helsinki","Finlande",8.62,46.83,10.6,2,-2,0,4,96
2024-03-04,"Helsinki","Finlande",16.04,40.8,11.02,2,-4,-1,6,96
2024-03-05,"Helsinki","Finlande",12.08,57.67,3.97,0,-4,-2,4,91
2024-03-06,"Helsinki","Finlande",22.17,51.43,4.54,2,-6,-2,8,96
2024-03-07,"Helsinki","Finlande",16.78,40.97,5.49,3,-6,-1.5,9,95
2024-03-08,"Helsinki","Finlande",9.92,53.77,3.88,0,-5,-2.5,5,91
2024-03-09,"Helsinki","Finlande",9.43,64.45,4.19,-1,-7,-4,6,96
2024-03-10,"Helsinki","Finlande",17.26,58.52,4.88,0,-8,-4,8,95
2024-03-11,"Helsinki","Finlande",28.96,40.38,5.95,0,-4,-2,4,90
2024-03-12,"Helsinki",NA,26.8271428571429,42.2057142857143,5.41571428571429,1,-4,-1.5,5,91
2024-03-13,"Helsinki",NA,24.6942857142857,44.0314285714286,4.88142857142857,0,-5,-2.5,5,99
2024-03-14,"Helsinki",NA,22.5614285714286,45.8571428571429,4.34714285714286,3,1,2,2,98
2024-03-15,"Helsinki",NA,20.4285714285714,47.6828571428571,3.81285714285714,4,2,3,2,99
2024-03-16,"Helsinki",NA,18.2957142857143,49.5085714285714,3.27857142857143,5,3,4,2,99
2024-03-17,"Helsinki",NA,16.1628571428571,51.3342857142857,2.74428571428571,2,-6,-2,8,96
2024-03-18,"Helsinki","Finlande",14.03,53.16,2.21,-1,-8,-4.5,7,83
2024-03-19,"Helsinki",NA,12.444,55.346,2.802,2,-5,-1.5,7,97
2024-03-20,"Helsinki",NA,10.858,57.532,3.394,1,-2,-0.5,3,98
2024-03-21,"Helsinki",NA,9.272,59.718,3.986,1,0,0.5,1,99
2024-03-22,"Helsinki",NA,7.686,61.904,4.578,2,0,1,2,99
2024-03-23,"Helsinki","Finlande",6.1,64.09,5.17,2,0,1,2,91
2024-03-24,"Helsinki","Finlande",3.19,61.97,2.57,1,-1,0,2,96
2024-03-25,"Helsinki","Finlande",8.63,44.06,6.16,1,-1,0,2,84
2024-03-26,"Helsinki","Finlande",12.01,47.07,6.08,1,-3,-1,4,99
2024-03-27,"Helsinki","Finlande",18.08,41.81,6.08,5,-1,2,6,95
2024-03-28,"Helsinki","Finlande",11.25,65.58,7.58,6,1,3.5,5,93
2024-03-29,"Helsinki","Finlande",7.78,54,8.29,6,2,4,4,98
2024-03-30,"Helsinki","Finlande",6.7,69.68,5.08,8,3,5.5,5,95
2024-03-31,"Helsinki","Finlande",12.65,57.54,5.46,6,2,4,4,98
2024-04-01,"Helsinki","Finlande",12.73,44.61,11.51,9,4,6.5,5,99
2024-04-02,"Helsinki","Finlande",5.64,51.92,2.6,7,2,4.5,5,93
2024-04-03,"Helsinki","Finlande",6.45,63.89,4.71,0,-5,-2.5,5,94
2024-04-04,"Helsinki","Finlande",5.66,64.33,4.17,-2,-9,-5.5,7,84
2024-04-05,"Helsinki","Finlande",5.47,68.62,3.67,0,-3,-1.5,3,96
2024-04-06,"Helsinki","Finlande",7.84,58.04,5.08,5,-3,1,8,94
2024-04-07,"Helsinki","Finlande",13.49,48.56,4.8,6,-3,1.5,9,93
2024-04-08,"Helsinki","Finlande",8.89,77.99,6.18,9,5,7,4,87
2024-04-09,"Helsinki","Finlande",24.85,55.38,6.44,11,4,7.5,7,99
2024-04-10,"Helsinki","Finlande",9.85,61.64,5.47,7,3,5,4,98
2024-04-11,"Helsinki","Finlande",9.26,69.41,4.5,7,3,5,4,81
2024-04-12,"Helsinki","Finlande",4.36,66.45,3.53,11,4,7.5,7,86
2024-04-13,"Helsinki","Finlande",7.68,56.42,2.52,7,2,4.5,5,96
2024-04-14,"Helsinki","Finlande",7.57,61.64,1.62,8,2,5,6,96
2024-04-15,"Helsinki","Finlande",8.75,62.04,4.66,6,3,4.5,3,93
2024-04-16,"Helsinki","Finlande",19.17,38.64,4.69,5,1,3,4,92
2024-04-17,"Helsinki","Finlande",8.29,48.33,3.8,3,-2,0.5,5,97
2024-04-18,"Helsinki","Finlande",6.97,67.88,4.76,3,-2,0.5,5,74
2024-04-19,"Helsinki","Finlande",6.54,61.09,3.72,3,-3,0,6,73
2024-04-20,"Helsinki","Finlande",5.64,62.2,6,0,-3,-1.5,3,80
2024-04-21,"Helsinki","Finlande",3.52,62.35,5.86,3,-5,-1,8,78
2024-04-22,"Helsinki","Finlande",8.53,58.33,4.14,1,-1,0,2,95
2024-04-23,"Helsinki","Finlande",5.78,52.06,4.41,1,-1,0,2,97
2024-04-24,"Helsinki","Finlande",6.7,68.6,5.06,4,-1,1.5,5,95
2024-04-25,"Helsinki","Finlande",10.87,52.88,3.34,4,1,2.5,3,98
2024-04-26,"Helsinki","Finlande",10.15,58.43,4.1,5,1,3,4,98
2024-04-27,"Helsinki","Finlande",7.16,75.72,4.55,9,0,4.5,9,91
2024-04-28,"Helsinki","Finlande",9.48,78.65,6.18,11,3,7,8,90
2024-04-29,"Helsinki","Finlande",13.34,78.99,9.1,14,4,9,10,87
2024-04-30,"Helsinki","Finlande",7.7,72.15,6.64,13,6,9.5,7,86
2024-05-01,"Helsinki","Finlande",8.49,65.14,3,13,5,9,8,83
2024-05-02,"Helsinki","Finlande",23.89,50.83,4.97,12,6,9,6,74
2024-05-03,"Helsinki","Finlande",13.69,67.71,4.08,10,6,8,4,75
2024-05-04,"Helsinki","Finlande",3.63,83.91,3.21,16,7,11.5,9,71
2024-05-05,"Helsinki","Finlande",4.99,76.13,2.61,10,4,7,6,75
2024-05-06,"Helsinki","Finlande",6.57,67.1,4.29,7,2,4.5,5,69
2024-05-07,"Helsinki","Finlande",7.66,69.88,4.27,9,1,5,8,73
2024-05-08,"Helsinki","Finlande",6.33,56.68,6.14,7,-2,2.5,9,51
2024-05-09,"Helsinki","Finlande",7.23,61.52,4.42,9,1,5,8,56
2024-05-10,"Helsinki","Finlande",4.8,67.51,2.9,12,5,8.5,7,96
2024-05-11,"Helsinki","Finlande",3.47,76.66,2.93,13,3,8,10,67
2024-05-12,"Helsinki","Finlande",5.87,71.64,4.04,13,2,7.5,11,56
2024-05-13,"Helsinki","Finlande",14.42,59.51,5.31,14,6,10,8,73
2024-05-14,"Helsinki","Finlande",24.75,48.49,7.99,17,11,14,6,81
2024-05-15,"Helsinki","Finlande",10.47,72.53,4.81,19,9,14,10,67
2024-05-16,"Helsinki","Finlande",8.61,87.51,6.45,20,9,14.5,11,71
2024-05-17,"Helsinki","Finlande",15.79,81.98,7.84,21,10,15.5,11,71
2024-05-18,"Helsinki","Finlande",10.23,83.02,4.76,18,10,14,8,64
2024-05-19,"Helsinki","Finlande",9.97,93.74,6.18,20,10,15,10,59
2024-05-20,"Helsinki","Finlande",8.76,84.24,4.55,18,10,14,8,65
2024-05-21,"Helsinki","Finlande",10.79,69.9,4.56,17,7,12,10,46
2024-05-22,"Helsinki","Finlande",13.11,65.79,4.74,16,8,12,8,52
2024-05-23,"Helsinki","Finlande",11.59,78.54,7.73,19,9,14,10,64
2024-05-24,"Helsinki","Finlande",13.37,79.67,9.58,22,11,16.5,11,71
2024-05-25,"Helsinki","Finlande",15.37,88.98,11.35,22,13,17.5,9,94
2024-05-26,"Helsinki","Finlande",6.75,85.05,12.66,21,12,16.5,9,80
2024-05-27,"Helsinki","Finlande",14.42,78.25,11.49,22,11,16.5,11,73
2024-05-28,"Helsinki","Finlande",19.3,81.29,11.57,23,12,17.5,11,70
2024-05-29,"Helsinki","Finlande",17.44,80.35,11.71,21,13,17,8,82
2024-05-30,"Helsinki","Finlande",13.21,93.75,9.23,21,12,16.5,9,80
2024-05-31,"Helsinki","Finlande",15.51,94.2,18.65,23,12,17.5,11,72
2024-06-01,"Helsinki","Finlande",10.77,92.84,22.21,23,14,18.5,9,78
2024-06-02,"Helsinki","Finlande",9.15,103.03,5.16,20,12,16,8,91
2024-06-03,"Helsinki","Finlande",10.83,83.08,8.63,21,14,17.5,7,84
2024-06-04,"Helsinki",NA,8.17,81.925,6.755,21,11,16,10,82
2024-06-05,"Helsinki","Finlande",5.51,80.77,4.88,19,9,14,10,61
2024-06-06,"Helsinki","Finlande",10.34,73.68,5.35,18,9,13.5,9,86
2024-06-07,"Helsinki","Finlande",5.18,76.11,5.03,16,8,12,8,76
2024-06-08,"Helsinki","Finlande",6.06,82.57,4.19,16,7,11.5,9,77
2024-06-09,"Helsinki","Finlande",7.3,72.96,4.88,13,8,10.5,5,94
2024-06-10,"Helsinki","Finlande",9.55,65.09,4.41,15,9,12,6,90
2024-06-11,"Helsinki","Finlande",8.19,66.48,5.33,16,9,12.5,7,87
2024-06-12,"Helsinki","Finlande",8.73,70.86,5.82,15,9,12,6,92
2024-06-13,"Helsinki","Finlande",6.56,73.02,5.45,16,9,12.5,7,82
2024-06-14,"Helsinki","Finlande",9.8,76.26,4.23,16,9,12.5,7,79
2024-06-15,"Helsinki","Finlande",7.94,73.08,4.07,17,8,12.5,9,74
2024-06-16,"Helsinki","Finlande",6.51,78.96,6.04,20,10,15,10,75
2024-06-17,"Helsinki","Finlande",12.2,78.16,8.09,19,13,16,6,79
2024-06-18,"Helsinki","Finlande",6.63,71.84,4.95,21,12,16.5,9,94
2024-06-19,"Helsinki","Finlande",7.83,73.44,5.39,17,11,14,6,85
2024-06-20,"Helsinki","Finlande",3.44,64.21,4.09,18,10,14,8,66
2024-06-21,"Helsinki","Finlande",3.63,67.42,4.38,20,11,15.5,9,81
2024-06-22,"Helsinki","Finlande",4.73,59.84,2.83,20,9,14.5,11,66
2024-06-23,"Helsinki","Finlande",7.66,62.12,4.68,19,11,15,8,68
2024-06-24,"Helsinki","Finlande",14.94,54.86,6.54,21,13,17,8,62
2024-06-25,"Helsinki","Finlande",4.91,61.31,4.5,25,11,18,14,62
2024-06-26,"Helsinki","Finlande",7.13,76.38,5.99,24,13,18.5,11,69
2024-06-27,"Helsinki","Finlande",6.51,85.14,6.13,25,13,19,12,69
2024-06-28,"Helsinki","Finlande",15.13,79.6,9.53,26,16,21,10,71
2024-06-29,"Helsinki","Finlande",4.72,75.57,5.77,22,14,18,8,99
2024-06-30,"Helsinki","Finlande",5.84,65.39,3.87,20,13,16.5,7,81
2024-07-01,"Helsinki","Finlande",8,65.67,5.66,20,14,17,6,95
2024-07-02,"Helsinki","Finlande",4.66,69.67,4.11,21,12,16.5,9,77
2024-07-03,"Helsinki","Finlande",6.24,64.05,3.44,20,13,16.5,7,95
2024-07-04,"Helsinki","Finlande",10.55,55.49,4.78,19,12,15.5,7,91
2024-07-05,"Helsinki","Finlande",5.14,63.96,3.68,18,12,15,6,89
2024-07-06,"Helsinki","Finlande",5.02,75.05,4.14,18,12,15,6,87
2024-07-07,"Helsinki","Finlande",6.37,73.62,6.81,19,15,17,4,97
2024-07-08,"Helsinki","Finlande",4.4,73.05,4.51,20,13,16.5,7,84
2024-07-09,"Helsinki","Finlande",6.19,70.66,5.12,20,12,16,8,75
2024-07-10,"Helsinki","Finlande",10.17,64.88,4.06,22,11,16.5,11,75
2024-07-11,"Helsinki","Finlande",11.51,59.93,6.76,20,16,18,4,93
2024-07-12,"Helsinki","Finlande",8.48,61.67,5.48,22,16,19,6,97
2024-07-13,"Helsinki","Finlande",7.81,55.05,6.36,23,14,18.5,9,86
2024-07-14,"Helsinki","Finlande",3.98,72.49,4.04,20,14,17,6,95
2024-07-15,"Helsinki","Finlande",3.97,85.76,4.29,21,14,17.5,7,88
2024-07-16,"Helsinki","Finlande",9.22,81.77,6.19,23,14,18.5,9,92
2024-07-17,"Helsinki","Finlande",6.17,76.51,6.85,22,15,18.5,7,81
2024-07-18,"Helsinki","Finlande",4.23,77.76,4.06,20,15,17.5,5,91
2024-07-19,"Helsinki","Finlande",3.41,57.1,2.18,20,15,17.5,5,95
2024-07-20,"Helsinki","Finlande",4.4,41.45,4.53,22,14,18,8,93
2024-07-21,"Helsinki","Finlande",5.14,35.95,5.98,21,15,18,6,96
2024-07-22,"Helsinki","Finlande",6.65,41.45,7.82,23,16,19.5,7,94
2024-07-23,"Helsinki","Finlande",9.29,70.66,9.27,23,16,19.5,7,86
2024-07-24,"Helsinki","Finlande",6.47,55.39,6.1,23,17,20,6,87
2024-07-25,"Helsinki","Finlande",9.22,67.81,7.64,24,16,20,8,93
2024-07-26,"Helsinki","Finlande",10.54,70.63,7.39,24,15,19.5,9,75
2024-07-27,"Helsinki","Finlande",4.47,74.98,4.54,21,15,18,6,81
2024-07-28,"Helsinki","Finlande",3.7,80,4.34,23,15,19,8,95
2024-07-29,"Helsinki","Finlande",6.08,62.77,6.16,25,16,20.5,9,85
2024-07-30,"Helsinki","Finlande",4.05,54.53,3.39,23,15,19,8,95
2024-07-31,"Helsinki","Finlande",3.59,50.62,3.28,19,13,16,6,86
2024-08-01,"Helsinki","Finlande",3.12,36.02,2.85,17,12,14.5,5,94
2024-08-02,"Helsinki","Finlande",3.44,32.31,5,21,14,17.5,7,93
2024-08-03,"Helsinki","Finlande",5.36,42.72,4.08,22,13,17.5,9,92
2024-08-04,"Helsinki","Finlande",6.17,42.63,4.96,22,14,18,8,90
2024-08-05,"Helsinki","Finlande",8.98,30.87,6.03,21,14,17.5,7,92
2024-08-06,"Helsinki","Finlande",11.32,34.4,9.27,24,14,19,10,82
2024-08-07,"Helsinki","Finlande",8.6,45.52,5.39,22,16,19,6,79
2024-08-08,"Helsinki","Finlande",9.76,49.32,7.48,22,15,18.5,7,77
2024-08-09,"Helsinki","Finlande",9.62,62.06,7.9,23,16,19.5,7,80
2024-08-10,"Helsinki","Finlande",3.34,65.77,3.27,19,14,16.5,5,94
2024-08-11,"Helsinki","Finlande",2.93,49.24,2.64,20,13,16.5,7,86
2024-08-12,"Helsinki","Finlande",5.24,42.15,2.63,18,13,15.5,5,80
2024-08-13,"Helsinki","Finlande",7.74,42.17,4.18,23,12,17.5,11,85
2024-08-14,"Helsinki","Finlande",6.87,48.94,4.99,22,16,19,6,83
2024-08-15,"Helsinki",NA,6.995,65.545,7.075,22,14,18,8,82
2024-08-16,"Helsinki","Finlande",7.12,82.15,9.16,21,17,19,4,82
2024-08-17,"Helsinki","Finlande",3.49,68.33,4.44,21,13,17,8,94
2024-08-18,"Helsinki","Finlande",3.33,64.86,4.21,21,13,17,8,85
2024-08-19,"Helsinki","Finlande",5.99,75.35,4.65,21,13,17,8,91
2024-08-20,"Helsinki","Finlande",12.23,67.05,4.64,20,11,15.5,9,77
2024-08-21,"Helsinki","Finlande",4.9,65.54,5.67,21,14,17.5,7,82
2024-08-22,"Helsinki","Finlande",6.65,73.22,3.9,19,15,17,4,95
2024-08-23,"Helsinki","Finlande",7.02,60.45,4.27,20,13,16.5,7,88
2024-08-24,"Helsinki","Finlande",3.73,66.62,5.42,20,14,17,6,90
2024-08-25,"Helsinki","Finlande",5.01,77.66,6.89,26,14,20,12,87
2024-08-26,"Helsinki","Finlande",3.59,65.78,7.89,19,14,16.5,5,80
2024-08-27,"Helsinki","Finlande",4.75,68.98,12.59,21,13,17,8,83
2024-08-28,"Helsinki","Finlande",6.58,66.85,12.29,22,13,17.5,9,93
2024-08-29,"Helsinki","Finlande",14.88,50.15,6.35,22,14,18,8,90
2024-08-30,"Helsinki","Finlande",11.38,71.81,13.88,25,15,20,10,90
2024-08-31,"Helsinki","Finlande",5.3,67.67,5.41,19,13,16,6,98
2024-09-01,"Helsinki","Finlande",2.99,53.32,5.02,16,11,13.5,5,88
2024-09-02,"Helsinki","Finlande",5.6,58.47,7.66,18,13,15.5,5,90
2024-09-03,"Helsinki","Finlande",16.45,20.16,13.35,21,14,17.5,7,90
2024-09-04,"Helsinki","Finlande",17.42,75.37,14.54,21,15,18,6,89
2024-09-05,"Helsinki","Finlande",13.89,76.04,17.65,23,15,19,8,87
2024-09-06,"Helsinki","Finlande",11.27,58.98,5.72,20,15,17.5,5,88
2024-09-07,"Helsinki","Finlande",23.48,42.78,12.67,21,14,17.5,7,85
2024-09-08,"Helsinki","Finlande",7.43,78.4,15.03,21,15,18,6,82
2024-09-09,"Helsinki","Finlande",5.46,86.15,12.64,22,14,18,8,80
2024-09-10,"Helsinki","Finlande",22.07,70.09,12.52,20,15,17.5,5,63
2024-09-11,"Helsinki","Finlande",8.87,61.87,6.2,18,15,16.5,3,89
2024-09-12,"Helsinki","Finlande",15.28,45.57,7.84,18,14,16,4,93
2024-09-13,"Helsinki","Finlande",15.22,33.32,7,17,15,16,2,99
2024-09-14,"Helsinki","Finlande",9.4,36.27,11.29,20,14,17,6,99
2024-09-15,"Helsinki","Finlande",3.12,43.46,2.47,16,12,14,4,96
2024-09-16,"Helsinki","Finlande",14.41,21.98,9.18,19,11,15,8,96
2024-09-17,"Helsinki","Finlande",16.76,11.15,8.68,20,14,17,6,91
2024-09-18,"Helsinki","Finlande",8.15,21.98,3.48,18,11,14.5,7,90
2024-09-19,"Helsinki","Finlande",9.49,24.84,3,20,11,15.5,9,89
2024-09-20,"Helsinki","Finlande",7.41,35.74,4.02,20,11,15.5,9,87
2024-09-21,"Helsinki","Finlande",2.61,54.45,1.53,16,7,11.5,9,87
2024-09-22,"Helsinki","Finlande",5.81,51.87,2.17,11,5,8,6,72
2024-09-23,"Helsinki","Finlande",7.64,51.32,3.4,14,9,11.5,5,76
2024-09-24,"Helsinki","Finlande",15.3,43.04,10.65,18,13,15.5,5,89
2024-09-25,"Helsinki","Finlande",9.47,75.6,8.68,17,14,15.5,3,81
2024-09-26,"Helsinki","Finlande",6.58,73.12,3.85,15,13,14,2,95
2024-09-27,"Helsinki","Finlande",4.72,71.51,3.47,15,13,14,2,94
2024-09-28,"Helsinki","Finlande",3.91,49.77,2.83,13,7,10,6,90
2024-09-29,"Helsinki","Finlande",2.48,50.01,3.26,11,5,8,6,90
2024-09-30,"Helsinki","Finlande",24.61,34.62,4.37,12,5,8.5,7,72
2024-10-01,"Helsinki","Finlande",20.63,36.31,3.21,11,6,8.5,5,81
2024-10-02,"Helsinki","Finlande",7.57,37.29,2.68,7,5,6,2,88
2024-10-03,"Helsinki","Finlande",10.57,37.36,3.37,11,5,8,6,93
2024-10-04,"Helsinki","Finlande",14.69,32.85,3.73,11,4,7.5,7,89
2024-10-05,"Helsinki","Finlande",11.84,43.03,2.99,12,6,9,6,90
2024-10-06,"Helsinki","Finlande",6.35,62.07,2.74,14,9,11.5,5,80
2024-10-07,"Helsinki","Finlande",7.59,44.38,3.61,11,7,9,4,85
2024-10-08,"Helsinki","Finlande",8.19,36.54,3.25,11,8,9.5,3,87
2024-10-09,"Helsinki","Finlande",3.95,43.93,1.34,10,9,9.5,1,85
2024-10-10,"Helsinki","Finlande",4.05,34.62,5.07,14,12,13,2,96
2024-10-11,"Helsinki","Finlande",3.55,57.72,4.93,15,8,11.5,7,88
2024-10-12,"Helsinki","Finlande",11.37,44.85,4.22,11,6,8.5,5,84
2024-10-13,"Helsinki","Finlande",7.59,51.79,2.57,10,6,8,4,88
2024-10-14,"Helsinki","Finlande",8.41,15.7,3.05,10,6,8,4,89
2024-10-15,"Helsinki","Finlande",9.86,23.92,4.35,8,4,6,4,87
2024-10-16,"Helsinki","Finlande",7.84,45.15,2.89,10,3,6.5,7,86
2024-10-17,"Helsinki","Finlande",6.15,52.28,3.44,12,7,9.5,5,88
2024-10-18,"Helsinki","Finlande",6.38,46.98,5.09,11,9,10,2,77
2024-10-19,"Helsinki","Finlande",8.95,44.75,5.73,12,8,10,4,81
2024-10-20,"Helsinki","Finlande",4.78,49.63,6.92,11,8,9.5,3,82
2024-10-21,"Helsinki","Finlande",5.62,49.82,8.4,12,9,10.5,3,80
2024-10-22,"Helsinki","Finlande",3.76,62.07,6.53,12,9,10.5,3,85
2024-10-23,"Helsinki","Finlande",3.97,61.41,3.56,10,7,8.5,3,82
2024-10-24,"Helsinki","Finlande",7.36,47.96,5,12,7,9.5,5,89
2024-10-25,"Helsinki","Finlande",7.44,52.4,4.06,11,7,9,4,90
2024-10-26,"Helsinki","Finlande",7.32,50.83,10.68,11,8,9.5,3,96
2024-10-27,"Helsinki","Finlande",7.34,33.59,7.3,10,8,9,2,90
2024-10-28,"Helsinki","Finlande",5.32,53.56,2.94,11,5,8,6,83
2024-10-29,"Helsinki","Finlande",7.3,52.7,2.01,6,2,4,4,84
2024-10-30,"Helsinki","Finlande",4.22,61.12,2.53,10,5,7.5,5,85
2024-10-31,"Helsinki","Finlande",10.18,47.23,1.98,6,1,3.5,5,82
2024-11-01,"Helsinki","Finlande",12.81,44.67,2.97,11,0,5.5,11,83
2024-11-02,"Helsinki","Finlande",3.73,56.71,4.43,3,1,2,2,70
2024-11-03,"Helsinki","Finlande",6.17,53.34,3.47,6,0,3,6,92
2024-11-04,"Helsinki","Finlande",10.15,47.1,3.63,3,0,1.5,3,84
2024-11-05,"Helsinki","Finlande",7.44,42.88,2.81,8,2,5,6,98
2024-11-06,"Helsinki","Finlande",6.29,36.4,3.18,9,5,7,4,92
2024-11-07,"Helsinki","Finlande",7.9,32.38,3.89,7,5,6,2,94
2024-11-08,"Helsinki","Finlande",8.48,29.2,2.84,10,5,7.5,5,85
2024-11-09,"Helsinki","Finlande",3.08,38.16,3.23,7,5,6,2,92
2024-11-10,"Helsinki","Finlande",7.37,38.81,4.66,7,4,5.5,3,95
2024-11-11,"Helsinki","Finlande",7.89,31.55,2.19,6,5,5.5,1,89
2024-11-12,"Helsinki","Finlande",8.1,29.02,2.26,6,4,5,2,89
2024-11-13,"Helsinki","Finlande",3.94,50.5,1.37,6,3,4.5,3,93
2024-11-14,"Helsinki","Finlande",7.77,47.09,3.43,6,2,4,4,89
2024-11-15,"Helsinki","Finlande",9.56,49.08,4.04,8,2,5,6,87
2024-11-16,"Helsinki","Finlande",3.71,57.74,2.41,9,5,7,4,90
2024-11-17,"Helsinki","Finlande",2.92,70.58,2.9,6,3,4.5,3,81
2024-11-18,"Helsinki","Finlande",9.18,52.19,3.65,2,0,1,2,90
2024-11-19,"Helsinki","Finlande",29.14,20.3,5.99,2,0,1,2,86
2024-11-20,"Helsinki","Finlande",7.61,39.25,0.73,4,1,2.5,3,97
2024-11-21,"Helsinki","Finlande",3.77,47.43,2.29,3,1,2,2,87
2024-11-22,"Helsinki","Finlande",8.45,53.98,3.29,0,-3,-1.5,3,84
2024-11-23,"Helsinki","Finlande",11.56,49.36,4.1,2,-2,0,4,69
2024-11-24,"Helsinki","Finlande",9.33,51.06,4.35,3,-1,1,4,87
2024-11-25,"Helsinki","Finlande",6.98,35.9,8.52,8,1,4.5,7,95
2024-11-26,"Helsinki","Finlande",10.39,36.95,10.12,8,5,6.5,3,97
2024-11-27,"Helsinki","Finlande",10.59,48.08,5.06,6,4,5,2,93
2024-11-28,"Helsinki","Finlande",14.49,40.38,3.16,5,3,4,2,94
2024-11-29,"Helsinki","Finlande",5.36,47.87,2.5,4,1,2.5,3,95
2024-11-30,"Helsinki","Finlande",6.27,47.72,3.28,6,2,4,4,96
2024-12-01,"Helsinki","Finlande",4.62,44.21,4.57,7,5,6,2,96
2024-12-02,"Helsinki","Finlande",11.52,41.68,8.59,7,6,6.5,1,87
2024-12-03,"Helsinki","Finlande",12.01,39.97,5.33,7,-2,2.5,9,96
2024-12-04,"Helsinki","Finlande",8.03,45.72,3.73,-2,-3,-2.5,1,80
2024-12-05,"Helsinki","Finlande",8.32,33.69,2.54,0,-2,-1,2,92
2024-12-06,"Helsinki","Finlande",4.06,30.43,2.91,1,0,0.5,1,93
2024-12-07,"Helsinki","Finlande",4.54,33.06,4.42,0,-1,-0.5,1,85
2024-12-08,"Helsinki","Finlande",8.98,33.17,7.35,1,-2,-0.5,3,88
2024-12-09,"Helsinki","Finlande",14.33,28.49,5.41,-2,-5,-3.5,3,95
2024-12-10,"Helsinki","Finlande",9.7,45.73,2.22,2,-3,-0.5,5,85
2024-12-11,"Helsinki","Finlande",7.85,57.36,2.82,3,-2,0.5,5,87
2024-12-12,"Helsinki","Finlande",7.55,60.9,3.01,-2,-4,-3,2,80
2024-12-13,"Helsinki","Finlande",11.07,52.82,1.99,2,-6,-2,8,75
2024-12-14,"Helsinki","Finlande",8.94,45.51,1.33,2,1,1.5,1,99
2024-12-15,"Helsinki","Finlande",8.39,46.95,4.39,1,-8,-3.5,9,93
2024-12-16,"Helsinki","Finlande",6.62,61.41,4.45,4,-2,1,6,97
2024-12-17,"Helsinki","Finlande",11.22,53.68,4.61,1,-3,-1,4,86
2024-12-18,"Helsinki","Finlande",15.67,44,3.09,0,-9,-4.5,9,89
2024-12-19,"Helsinki","Finlande",11.26,45.76,2.51,5,0,2.5,5,99
2024-12-20,"Helsinki","Finlande",9.33,55.26,3.41,5,-3,1,8,95
2024-12-21,"Helsinki","Finlande",9.5,59.12,3.33,1,-4,-1.5,5,99
2024-12-22,"Helsinki","Finlande",6.72,40.93,3.13,4,-3,0.5,7,98
2024-12-23,"Helsinki","Finlande",9.46,45.19,5.03,4,1,2.5,3,99
2024-12-24,"Helsinki","Finlande",13.27,30.52,5.28,2,-3,-0.5,5,96
2024-12-25,"Helsinki","Finlande",2.64,47.14,2.01,4,1,2.5,3,98
2024-12-26,"Helsinki","Finlande",3.45,51.87,2.61,6,2,4,4,97
2024-12-27,"Helsinki","Finlande",11.92,33.53,2.51,3,0,1.5,3,94
2024-12-28,"Helsinki","Finlande",10.32,38,1.07,5,0,2.5,5,99
2024-12-29,"Helsinki","Finlande",5.86,38.4,0.8,6,4,5,2,97
2024-12-30,"Helsinki","Finlande",5.17,63.04,2.73,5,-1,2,6,89
2024-12-31,"Helsinki","Finlande",5.2,60.99,3.6,-1,-2,-1.5,1,73
2025-01-01,"Helsinki","Finlande",6.98,56.63,2.93,0,-5,-2.5,5,98
2025-01-02,"Helsinki","Finlande",17.72,47.99,3.87,-5,-8,-6.5,3,92
2025-01-03,"Helsinki","Finlande",19.32,48.51,2.6,-4,-8,-6,4,63
2025-01-04,"Helsinki","Finlande",17.02,45.57,2.44,-4,-5,-4.5,1,84
2025-01-05,"Helsinki","Finlande",14.73,45.5,2.57,-4,-6,-5,2,95
2025-01-06,"Helsinki","Finlande",18.98,37.61,5.88,-1,-5,-3,4,93
2025-01-07,"Helsinki","Finlande",10.81,42.91,6.1,4,-1,1.5,5,98
2025-01-08,"Helsinki","Finlande",22.24,31.27,9.78,3,0,1.5,3,87
2025-01-09,"Helsinki","Finlande",12,47.85,2.16,2,-1,0.5,3,99
2025-01-10,"Helsinki","Finlande",9.02,43.55,5.72,1,-1,0,2,96
2025-01-11,"Helsinki","Finlande",7.75,42.98,2.98,-1,-4,-2.5,3,97
2025-01-12,"Helsinki","Finlande",10.34,59.5,1.52,-4,-10,-7,6,76
2025-01-13,"Helsinki","Finlande",9.56,61.06,1.95,2,-8,-3,10,94
2025-01-14,"Helsinki","Finlande",7.7,52.17,2.73,3,2,2.5,1,99
2025-01-15,"Helsinki","Finlande",12.02,54.87,1.39,2,-4,-1,6,93
2025-01-16,"Helsinki","Finlande",9.44,51.76,2.13,4,2,3,2,96
2025-01-17,"Helsinki","Finlande",10.78,43.58,3.17,3,1,2,2,95
2025-01-18,"Helsinki","Finlande",3.4,71.05,2.96,5,0,2.5,5,74
2025-01-19,"Helsinki","Finlande",4.55,48.18,2.46,3,0,1.5,3,96
2025-01-20,"Helsinki","Finlande",11.83,55.05,2.31,1,-3,-1,4,81
2025-01-21,"Helsinki","Finlande",4.35,66.5,3.25,-1,-2,-1.5,1,94
2025-01-22,"Helsinki","Finlande",10.39,30.59,4.69,2,-1,0.5,3,98
2025-01-23,"Helsinki","Finlande",10.95,33.27,5.49,2,0,1,2,99
2025-01-24,"Helsinki","Finlande",8.81,34.19,5.2,3,1,2,2,98
2025-01-25,"Helsinki","Finlande",10.18,45.58,8.62,3,1,2,2,98
2025-01-26,"Helsinki","Finlande",8.48,54.6,6.62,3,0,1.5,3,91
2025-01-27,"Helsinki","Finlande",22.06,32.45,6.84,1,0,0.5,1,98
2025-01-28,"Helsinki","Finlande",17.44,23.64,11.73,3,1,2,2,99
2025-01-29,"Helsinki","Finlande",10.46,24.26,10.62,5,2,3.5,3,98
2025-01-30,"Helsinki","Finlande",5.97,50.7,3.93,4,1,2.5,3,97
2025-01-31,"Helsinki","Finlande",9.11,37.78,3.22,3,-1,1,4,99
2025-02-01,"Helsinki","Finlande",5.39,51.85,2.42,1,-2,-0.5,3,92
2025-02-02,"Helsinki","Finlande",4.72,46.43,1.54,-2,-4,-3,2,91
2025-02-03,"Helsinki","Finlande",8.54,45.91,4.61,-5,-9,-7,4,82
2025-02-04,"Helsinki","Finlande",11.27,42.44,6.55,-6,-11,-8.5,5,78
2025-02-05,"Helsinki","Finlande",10.32,38.57,9.27,1,-4,-1.5,5,95
2025-02-06,"Helsinki","Finlande",13.99,38.58,7.22,2,-3,-0.5,5,97
2025-02-07,"Helsinki","Finlande",9.25,40.82,8.7,1,-3,-1,4,95
2025-02-08,"Helsinki","Finlande",6.34,57.26,7.82,0,-2,-1,2,88
2025-02-09,"Helsinki","Finlande",7.08,51.04,12.91,-1,-3,-2,2,86
2025-02-10,"Helsinki","Finlande",10.01,45.73,9.97,1,-3,-1,4,87
2025-02-11,"Helsinki","Finlande",11.81,37.86,4.32,1,-4,-1.5,5,95
2025-02-12,"Helsinki","Finlande",8.02,52.08,1.89,1,-4,-1.5,5,94
2025-02-13,"Helsinki","Finlande",10.72,52.26,2.68,-1,-7,-4,6,96
2025-02-14,"Helsinki","Finlande",11.78,55.12,3.46,-5,-9,-7,4,87
2025-02-15,"Helsinki","Finlande",7.6,59.82,2.62,-6,-9,-7.5,3,89
2025-02-16,"Helsinki","Finlande",10.21,54.12,5.05,-7,-11,-9,4,89
2025-02-17,"Helsinki","Finlande",19.91,45.16,4.14,-5,-10,-7.5,5,92
2025-02-18,"Helsinki","Finlande",14.76,56.3,2.24,-1,-9,-5,8,95
2025-02-19,"Helsinki","Finlande",21.16,55.2,3.27,-2,-9,-5.5,7,91
2025-02-20,"Helsinki","Finlande",25.3,53.16,3.05,1,-7,-3,8,95
2025-02-21,"Helsinki","Finlande",7.29,71.72,7.29,0,-2,-1,2,93
2025-02-22,"Helsinki","Finlande",7.85,59.4,17.36,0,-1,-0.5,1,93
2025-02-23,"Helsinki","Finlande",10.31,55.34,19.68,2,0,1,2,85
2025-02-24,"Helsinki","Finlande",18.33,53.41,35,1,0,0.5,1,94
2025-02-25,"Helsinki","Finlande",17.32,65.13,37.52,2,-1,0.5,3,92
2025-02-26,"Helsinki","Finlande",24.53,38.71,35.6,3,0,1.5,3,99
2025-02-27,"Helsinki","Finlande",16.74,36.94,7.03,2,0,1,2,99
2025-02-28,"Helsinki","Finlande",14.89,37.16,5.44,3,-1,1,4,99
2025-03-01,"Helsinki","Finlande",5.09,56.31,4.72,3,-2,0.5,5,94
2025-03-02,"Helsinki","Finlande",6.98,55.54,2.95,3,-1,1,4,94
2025-03-03,"Helsinki","Finlande",14.72,52.16,4.73,3,1,2,2,93
2025-03-04,"Helsinki","Finlande",5.2,70.92,3.89,3,1,2,2,82
2025-03-05,"Helsinki","Finlande",9.9,61.1,3.79,5,0,2.5,5,97
2025-03-06,"Helsinki","Finlande",9.37,51.02,5.47,8,2,5,6,98
2025-03-07,"Helsinki","Finlande",15.07,58.8,4.3,4,0,2,4,86
2025-03-08,"Helsinki","Finlande",9.67,66.25,16.12,8,1,4.5,7,95
2025-03-09,"Helsinki","Finlande",13.66,56.01,5.52,5,0,2.5,5,84
2025-03-10,"Helsinki","Finlande",12.92,53.73,6.72,3,1,2,2,84
2025-03-11,"Helsinki","Finlande",7.07,58.35,4.92,3,-1,1,4,91
2025-03-12,"Helsinki","Finlande",8.74,63.24,5.95,-1,-3,-2,2,80
2025-03-13,"Helsinki","Finlande",12.52,56.36,4.64,1,-2,-0.5,3,95
2025-03-14,"Helsinki","Finlande",6.36,72.3,2.59,2,-6,-2,8,78
2025-03-15,"Helsinki","Finlande",3.63,79.06,2.13,2,-4,-1,6,63
2025-03-16,"Helsinki","Finlande",3.86,71.99,2.05,2,-3,-0.5,5,69
2025-03-17,"Helsinki","Finlande",5.93,69.01,3.11,2,-5,-1.5,7,70
2025-03-18,"Helsinki","Finlande",5.94,70.41,2.09,6,-1,2.5,7,93
2025-03-19,"Helsinki","Finlande",3.44,81.55,3.16,5,0,2.5,5,77
2025-03-20,"Helsinki","Finlande",8.73,65.25,5.95,5,0,2.5,5,92
2025-03-21,"Helsinki","Finlande",12.23,66.34,5.8,5,0,2.5,5,83
2025-03-22,"Helsinki","Finlande",12.5,NA,5.28,3,-1,1,4,61
2025-03-23,"Helsinki","Finlande",10.07,NA,4.81,3,0,1.5,3,75
2025-03-24,"Helsinki","Finlande",8.93,NA,10.68,3,0,1.5,3,97
2025-03-25,"Helsinki","Finlande",14.03,NA,20.43,5,1,3,4,91
2025-03-26,"Helsinki","Finlande",12.69,NA,10.02,7,1,4,6,95
2025-03-27,"Helsinki","Finlande",10.66,NA,4.16,5,0,2.5,5,73
2025-03-28,"Helsinki","Finlande",9.77,NA,11.31,6,3,4.5,3,94
2025-03-29,"Helsinki","Finlande",10.59,NA,16.44,9,3,6,6,90
2025-03-30,"Helsinki","Finlande",15.41,NA,14.85,5,4,4.5,1,97
2025-03-31,"Helsinki","Finlande",21.42,NA,14.63,9,5,7,4,90
2025-04-01,"Helsinki","Finlande",10.19,NA,7.31,11,5,8,6,91
2025-04-02,"Helsinki","Finlande",5.6,NA,3.34,14,4,9,10,79
2025-04-03,"Helsinki","Finlande",6.84,NA,4.09,12,5,8.5,7,83
2025-04-04,"Helsinki","Finlande",2.67,NA,2.81,8,0,4,8,64
2025-04-05,"Helsinki","Finlande",3.03,NA,2.09,1,-3,-1,4,62
2025-04-06,"Helsinki","Finlande",5.24,NA,2.65,3,-3,0,6,60
2025-04-07,"Helsinki","Finlande",7.09,NA,3.01,6,-1,2.5,7,90
2025-04-08,"Helsinki","Finlande",8.23,NA,3.29,4,-2,1,6,63
2025-04-09,"Helsinki","Finlande",4.79,NA,2.67,4,-2,1,6,82
2025-04-10,"Helsinki","Finlande",4.52,NA,2.32,2,-5,-1.5,7,47
2025-04-11,"Helsinki","Finlande",5.9,NA,2.69,3,-3,0,6,94
2025-04-12,"Helsinki","Finlande",6.5,NA,3.67,7,-2,2.5,9,94
2025-04-13,"Helsinki","Finlande",10.14,NA,3.98,8,0,4,8,81
2025-04-14,"Helsinki","Finlande",11.63,NA,10.86,10,5,7.5,5,86
2025-04-15,"Helsinki","Finlande",16.13,NA,7.71,11,3,7,8,86
2025-04-16,"Helsinki","Finlande",11.39,NA,6.67,12,5,8.5,7,82
2025-04-17,"Helsinki","Finlande",13.41,NA,6.27,10,7,8.5,3,94
2025-04-18,"Helsinki","Finlande",7.68,NA,7.93,13,5,9,8,98
2025-04-19,"Helsinki","Finlande",9.47,NA,10.26,14,9,11.5,5,95
2025-04-20,"Helsinki","Finlande",3.67,NA,2.12,9,4,6.5,5,94
2025-04-21,"Helsinki","Finlande",5.09,NA,1.63,6,5,5.5,1,97
2025-04-22,"Helsinki","Finlande",10.5,NA,2.89,5,3,4,2,93
2025-04-23,"Helsinki","Finlande",7.67,NA,2.93,8,3,5.5,5,93
2025-04-24,"Helsinki","Finlande",5.81,NA,2.95,6,0,3,6,77
2025-04-25,"Helsinki","Finlande",7.5,NA,2.69,7,0,3.5,7,72
2025-04-26,"Helsinki","Finlande",2.93,NA,1.8,6,-1,2.5,7,65
2025-04-27,"Helsinki","Finlande",7.34,NA,2.58,6,-1,2.5,7,57
2025-04-28,"Helsinki","Finlande",6.4,NA,5.5,10,4,7,6,89
2025-04-29,"Helsinki","Finlande",3.7,NA,2.88,11,6,8.5,5,87
2025-04-30,"Helsinki","Finlande",8.18,NA,3.75,5,1,3,4,97
2025-05-01,"Helsinki","Finlande",6.19,NA,3.04,7,1,4,6,83
2025-05-02,"Helsinki","Finlande",10.08,NA,3.21,11,4,7.5,7,80
2025-05-03,"Helsinki",NA,6.2,NA,2.4,9,4,6.5,5,90
2025-05-04,"Helsinki","Finlande",2.32,NA,1.59,8,2,5,6,72
2025-05-05,"Helsinki","Finlande",2.05,NA,1.79,8,0,4,8,57
2025-05-06,"Helsinki","Finlande",6.62,NA,2,6,2,4,4,93
2025-05-07,"Helsinki","Finlande",4.4,NA,2.28,7,0,3.5,7,73
2025-05-08,"Helsinki","Finlande",5.33,NA,2.87,7,1,4,6,75
2025-05-09,"Helsinki","Finlande",6.84,NA,3.49,8,1,4.5,7,65
2025-05-10,"Helsinki","Finlande",6.69,NA,3.7,9,2,5.5,7,76
2025-05-11,"Helsinki","Finlande",5.08,NA,4.24,11,3,7,8,67
2025-05-12,"Helsinki","Finlande",13.15,NA,4.2,13,4,8.5,9,62
2025-05-13,"Helsinki","Finlande",17.39,NA,5.34,13,6,9.5,7,59
2025-05-14,"Helsinki","Finlande",4.23,NA,3,11,6,8.5,5,67
2025-05-15,"Helsinki","Finlande",5.66,NA,3.1,12,5,8.5,7,90
2025-05-16,"Helsinki","Finlande",5.74,NA,3.85,16,7,11.5,9,82
2025-05-17,"Helsinki","Finlande",5.99,NA,1.84,11,5,8,6,84
2025-05-18,"Helsinki","Finlande",3.81,NA,4.21,17,7,12,10,82
2025-05-19,"Helsinki","Finlande",7.43,NA,4.62,15,7,11,8,66
2025-05-20,"Helsinki","Finlande",4.11,NA,3.62,18,8,13,10,59
2025-05-21,"Helsinki","Finlande",4.53,NA,1.78,12,6,9,6,55
2025-05-22,"Helsinki","Finlande",7.81,NA,6.96,14,8,11,6,82
2025-05-23,"Helsinki","Finlande",10.33,NA,5.32,11,6,8.5,5,96
2025-05-24,"Helsinki","Finlande",11.98,NA,2.52,10,6,8,4,80
2025-05-25,"Helsinki","Finlande",7.4,NA,2.34,13,7,10,6,93
2025-05-26,"Helsinki","Finlande",7.02,NA,4.89,14,7,10.5,7,83
2025-05-27,"Helsinki","Finlande",7.72,NA,4.5,15,8,11.5,7,90
2025-05-28,"Helsinki","Finlande",12.51,NA,5.88,15,8,11.5,7,75
2025-05-29,"Helsinki","Finlande",11.33,NA,7.04,16,10,13,6,92
2025-05-30,"Helsinki","Finlande",4.47,NA,7.96,16,10,13,6,86
2025-05-31,"Helsinki","Finlande",2.25,NA,3.25,15,9,12,6,92
2023-09-01,"Hong Kong","Chine",6.12,60.39,3.41,28.9,25.1,27,3.8,80.2
2023-09-02,"Hong Kong","Chine",9.13,85.63,5.57,27.7,25.7,26.5,2,89.8
2023-09-03,"Hong Kong","Chine",41.24,34.83,7.26,32.2,27,29.4,5.2,75.2
2023-09-04,"Hong Kong","Chine",60.43,76.18,21.55,33.9,27.5,30.2,6.4,74.1
2023-09-05,"Hong Kong","Chine",50.48,47.71,18.55,31.3,28.1,29.6,3.2,70.7
2023-09-06,"Hong Kong","Chine",44.24,75.39,16.63,31.9,27.1,29.6,4.8,73.3
2023-09-07,"Hong Kong","Chine",36.7,46.2,8.76,30,26,27.7,4,87.4
2023-09-08,"Hong Kong","Chine",14.73,67.02,0.8,26.9,25.1,26.1,1.8,91.9
2023-09-09,"Hong Kong","Chine",25.42,63.25,5.15,27.6,25.7,26.5,1.9,87.4
2023-09-10,"Hong Kong","Chine",22.63,26.01,4.96,27,25,26,2,89.5
2023-09-11,"Hong Kong","Chine",29.06,23.8,4.77,29.6,25.9,27.1,3.7,88
2023-09-12,"Hong Kong","Chine",29.37,25.2,4.25,30.6,25.9,27.8,4.7,84.4
2023-09-13,"Hong Kong","Chine",27,31.12,4.89,30.6,26.5,28.4,4.1,83.4
2023-09-14,"Hong Kong","Chine",36.9,19.61,3.66,28.8,26.1,27.1,2.7,90
2023-09-15,"Hong Kong","Chine",28.28,30.33,1.52,31.5,25.3,27.9,6.2,85.4
2023-09-16,"Hong Kong","Chine",28.94,33.07,2.83,30,25.8,27.5,4.2,85.6
2023-09-17,"Hong Kong","Chine",24.5,39.07,3.86,31.6,26.3,28.7,5.3,81
2023-09-18,"Hong Kong","Chine",31.98,30.76,4.35,31.8,26.6,29.2,5.2,79.1
2023-09-19,"Hong Kong","Chine",31.28,35.26,4.64,31.9,26.7,29.3,5.2,77.3
2023-09-20,"Hong Kong","Chine",38.42,28.57,2.8,32.6,26.2,29.5,6.4,75.9
2023-09-21,"Hong Kong","Chine",52.77,64.18,11.7,33.6,26.4,30,7.2,74.7
2023-09-22,"Hong Kong","Chine",35.47,75.73,12.01,32.4,27.2,30,5.2,74.5
2023-09-23,"Hong Kong","Chine",23.93,47.16,5.69,33.2,27.1,30,6.1,71.2
2023-09-24,"Hong Kong","Chine",17.18,56.25,5.17,33.6,27.9,30.1,5.7,71.5
2023-09-25,"Hong Kong","Chine",22.59,67.21,7.05,32.6,28.1,30,4.5,72.2
2023-09-26,"Hong Kong","Chine",23.52,71.11,7.68,33.3,27.9,30.1,5.4,71.2
2023-09-27,"Hong Kong","Chine",24.94,66.72,8.77,32.8,28,30.2,4.8,70.1
2023-09-28,"Hong Kong","Chine",23.16,68.7,7.64,33.5,28.5,30.6,5,67
2023-09-29,"Hong Kong","Chine",20.76,70.52,8.53,33.3,28,30,5.3,72.7
2023-09-30,"Hong Kong","Chine",35.23,66.38,10.59,32.7,27,30.1,5.7,73.6
2023-10-01,"Hong Kong","Chine",13.96,106.39,9.3,33.2,27.2,29.9,6,75
2023-10-02,"Hong Kong","Chine",15.72,112.35,10.53,32.6,27.7,29.7,4.9,72.2
2023-10-03,"Hong Kong","Chine",30.27,91.34,19.97,32.1,27.4,29.7,4.7,73.9
2023-10-04,"Hong Kong","Chine",45.04,112.54,32.95,34,27.3,30.6,6.7,74.7
2023-10-05,"Hong Kong","Chine",31.72,76.37,13.35,32.9,28,30.3,4.9,60.2
2023-10-06,"Hong Kong","Chine",30.16,80.9,12.63,31.1,25.9,28.1,5.2,60.3
2023-10-07,"Hong Kong","Chine",20.76,48.21,2,26.9,23.3,24.6,3.6,75.9
2023-10-08,"Hong Kong","Chine",9.42,67.57,1,24.4,22,23.3,2.4,85.6
2023-10-09,"Hong Kong","Chine",27.07,48.3,3.63,24.5,21.9,23.3,2.6,94.1
2023-10-10,"Hong Kong","Chine",32.49,51.25,5.58,26.8,22.8,24.7,4,82.9
2023-10-11,"Hong Kong","Chine",38.7,58.98,5.9,27.9,23.1,25.3,4.8,72.9
2023-10-12,"Hong Kong","Chine",33.88,63.85,8.07,28,22.7,25.5,5.3,70.3
2023-10-13,"Hong Kong","Chine",34.86,60.92,7,29,24.3,26.9,4.7,62.9
2023-10-14,"Hong Kong","Chine",38.19,77.36,11.17,30,23.8,26.7,6.2,61.1
2023-10-15,"Hong Kong","Chine",20.18,123.8,22.58,29.8,24.4,26.8,5.4,66.8
2023-10-16,"Hong Kong","Chine",31.18,127.85,25.86,29.8,24.8,26.9,5,65.1
2023-10-17,"Hong Kong","Chine",24.7,141.23,21.88,28.8,24.3,26.5,4.5,55.4
2023-10-18,"Hong Kong","Chine",35.81,111.5,18.39,26.6,23.6,25.1,3,79
2023-10-19,"Hong Kong","Chine",29.74,91.91,21.37,26.9,25,26,1.9,87.4
2023-10-20,"Hong Kong","Chine",42.83,32.57,6.84,27.6,23.8,26,3.8,80.4
2023-10-21,"Hong Kong","Chine",34.3,49.03,10.63,23.8,21,22.1,2.8,74.8
2023-10-22,"Hong Kong","Chine",24.46,88.31,11.84,25.8,20.7,23.1,5.1,72.1
2023-10-23,"Hong Kong","Chine",24.23,112.47,15.45,29.1,23.6,25.6,5.5,73.4
2023-10-24,"Hong Kong","Chine",24.41,87.24,11.54,29.3,24.6,26.6,4.7,75
2023-10-25,"Hong Kong","Chine",30.6,88.32,15.23,29.6,24.5,26.8,5.1,76.5
2023-10-26,"Hong Kong","Chine",30.95,77.83,10.25,29.4,24.1,26.5,5.3,73.4
2023-10-27,"Hong Kong","Chine",28.59,76.43,8.99,29.5,23.9,26.7,5.6,76.8
2023-10-28,"Hong Kong","Chine",26.84,95.3,19.6,27.7,25,26.1,2.7,80.4
2023-10-29,"Hong Kong","Chine",20.63,113.33,28.4,27.8,24.4,25.8,3.4,74.7
2023-10-30,"Hong Kong","Chine",35.77,105.93,17.14,28.9,24.4,26.2,4.5,72.4
2023-10-31,"Hong Kong","Chine",26.34,107.35,8.9,28.8,23.8,25.8,5,68.5
2023-11-01,"Hong Kong","Chine",28.1,103.46,7.21,29.6,22.9,25.7,6.7,68.3
2023-11-02,"Hong Kong","Chine",32.03,94.78,9.91,28.5,23.7,26,4.8,72.5
2023-11-03,"Hong Kong","Chine",35.61,92.45,12.36,29.3,23,26,6.3,74.1
2023-11-04,"Hong Kong","Chine",30.53,74.79,11.9,29.4,24,26.4,5.4,72.6
2023-11-05,"Hong Kong","Chine",32.13,69.85,1.42,29.8,24.1,26.7,5.7,74.7
2023-11-06,"Hong Kong","Chine",40.54,79.86,12.48,30.9,23.7,27.5,7.2,65.3
2023-11-07,"Hong Kong","Chine",28.31,102.82,17.1,27,24.6,25.8,2.4,62.2
2023-11-08,"Hong Kong","Chine",28.63,99.56,11.85,26.8,24.5,25.6,2.3,73.8
2023-11-09,"Hong Kong","Chine",32.36,88.8,13.58,28.6,24.5,26,4.1,77.3
2023-11-10,"Hong Kong","Chine",35.86,70.86,13.75,29.6,25.2,27.1,4.4,79.9
2023-11-11,"Hong Kong","Chine",31.21,59.83,7.43,26.9,24.5,25.7,2.4,82.7
2023-11-12,"Hong Kong","Chine",26.38,38.8,4.22,26.9,21.4,24.3,5.5,73.1
2023-11-13,"Hong Kong","Chine",37.08,39.9,9.11,23.6,19,21.3,4.6,64.6
2023-11-14,"Hong Kong","Chine",46.54,40.53,20.15,22.9,17.6,20.1,5.3,65.9
2023-11-15,"Hong Kong","Chine",32.91,82.33,11.83,26.3,18.7,22.2,7.6,67.6
2023-11-16,"Hong Kong","Chine",31.43,61.62,17.18,23.6,17,21.2,6.6,64.9
2023-11-17,"Hong Kong","Chine",35.17,73.33,18.23,22.3,15,18.6,7.3,37
2023-11-18,"Hong Kong","Chine",45.85,74.76,17.88,23.8,16.1,19.4,7.7,36.7
2023-11-19,"Hong Kong","Chine",29.89,115.16,21.33,23.6,16.4,20.2,7.2,53.6
2023-11-20,"Hong Kong","Chine",35.51,112.78,19.91,24.6,17.1,21,7.5,60.4
2023-11-21,"Hong Kong","Chine",31.61,101.56,12.23,25.6,19.3,22.1,6.3,66.6
2023-11-22,"Hong Kong","Chine",37.96,86.18,12.55,25.6,18.9,22.4,6.7,71.2
2023-11-23,"Hong Kong","Chine",62.25,90.29,22.07,26.5,18.9,22.8,7.6,71.1
2023-11-24,"Hong Kong","Chine",30.65,123.1,28.29,26.8,20.3,23.3,6.5,63.6
2023-11-25,"Hong Kong","Chine",27.2,100.54,15.39,25,19.8,22.3,5.2,61.4
2023-11-26,"Hong Kong","Chine",42.49,99.28,20.56,25.9,19.7,22.3,6.2,63.3
2023-11-27,"Hong Kong","Chine",64.78,71.64,32.28,27,18.7,22.6,8.3,63.7
2023-11-28,"Hong Kong","Chine",33.32,108.87,25.34,26.3,19.6,22.9,6.7,57.5
2023-11-29,"Hong Kong","Chine",42,101.67,22.7,25.8,21,23.1,4.8,69.7
2023-11-30,"Hong Kong","Chine",38.05,84.82,23.75,26.8,21.3,24,5.5,69.9
2023-12-01,"Hong Kong","Chine",45.4,49.76,26.17,23,18.8,21.1,4.2,65.4
2023-12-02,"Hong Kong","Chine",47.11,61.7,26.3,21.6,17.3,19.5,4.3,63
2023-12-03,"Hong Kong","Chine",38.81,78.29,27.52,23.8,19.7,21.6,4.1,66.2
2023-12-04,"Hong Kong","Chine",76.51,44.01,42.07,25.2,19.7,21.9,5.5,69.9
2023-12-05,"Hong Kong","Chine",70.8,53.4,47.47,24.6,19.3,21.4,5.3,69.9
2023-12-06,"Hong Kong","Chine",50.43,46.09,19.81,22,19.2,21.1,2.8,68.6
2023-12-07,"Hong Kong","Chine",41.81,81.04,9.92,24.5,17.2,20.4,7.3,45.2
2023-12-08,"Hong Kong","Chine",47.8,114.25,21.38,24.6,17.2,21.3,7.4,62.5
2023-12-09,"Hong Kong","Chine",46.29,93.67,23.49,26.3,21.2,23.4,5.1,77.9
2023-12-10,"Hong Kong","Chine",25.94,84.02,12.06,27.5,21.8,24.5,5.7,75.8
2023-12-11,"Hong Kong","Chine",71.31,19.1,11.73,27.5,22.2,24.5,5.3,82.6
2023-12-12,"Hong Kong","Chine",44.93,71.4,24.58,27.8,21.3,24.6,6.5,76.8
2023-12-13,"Hong Kong","Chine",33.06,70.01,16.17,24.6,21.5,22.8,3.1,78.4
2023-12-14,"Hong Kong","Chine",40.52,71.37,17.54,26.3,21.7,23.6,4.6,77.1
2023-12-15,"Hong Kong","Chine",42.11,50.67,9.66,28.3,22.6,25.1,5.7,76.4
2023-12-16,"Hong Kong","Chine",30.28,30.92,8.65,24.6,12.6,18.1,12,69.9
2023-12-17,"Hong Kong","Chine",30.57,31.33,18.18,14.1,10.6,12.2,3.5,66.1
2023-12-18,"Hong Kong","Chine",44.15,34.7,21.55,17.7,12.8,15.8,4.9,73.1
2023-12-19,"Hong Kong","Chine",39.03,19.34,14.41,17.5,13.4,14.7,4.1,76.8
2023-12-20,"Hong Kong","Chine",34.16,32.13,15.7,15.9,10.1,12.8,5.8,62.6
2023-12-21,"Hong Kong","Chine",29,39.74,16.51,11.9,8.8,10.3,3.1,61.4
2023-12-22,"Hong Kong","Chine",38.29,57.8,28.53,12.1,7.7,10,4.4,41.9
2023-12-23,"Hong Kong","Chine",45.54,44.48,21.67,13,8.6,10.8,4.4,48.5
2023-12-24,"Hong Kong","Chine",34.56,67.53,19.77,16.6,8.7,12.6,7.9,43.4
2023-12-25,"Hong Kong","Chine",36.44,81.16,18.85,17.9,11.5,14.3,6.4,40.4
2023-12-26,"Hong Kong","Chine",44.85,79.99,22.87,19.8,12.4,16.1,7.4,53.5
2023-12-27,"Hong Kong","Chine",56.76,67.14,21.2,20.9,15.7,18.4,5.2,58.1
2023-12-28,"Hong Kong","Chine",53.21,71.43,27.65,22.6,17.8,20,4.8,66.4
2023-12-29,"Hong Kong","Chine",33.11,85.36,16.75,22.6,17.3,19.7,5.3,75
2023-12-30,"Hong Kong","Chine",93.67,53.21,39.5,23.8,16.9,20.4,6.9,72.1
2023-12-31,"Hong Kong","Chine",75.97,74.81,53.48,25.4,17.9,21.3,7.5,74.8
2024-01-01,"Hong Kong","Chine",20.83,127.78,41.64,22.6,18.8,20.5,3.8,70.1
2024-01-02,"Hong Kong","Chine",50.11,81.01,37.62,21.6,16.9,19.2,4.7,72
2024-01-03,"Hong Kong","Chine",41.01,64.11,23.76,21.5,14.9,18.7,6.6,63.7
2024-01-04,"Hong Kong","Chine",35.45,94.52,20.82,19.7,14,16.4,5.7,61.2
2024-01-05,"Hong Kong","Chine",70.72,54.54,27.43,21.7,15.9,18.7,5.8,72
2024-01-06,"Hong Kong","Chine",78.4,85.33,41.08,23.4,16.5,20,6.9,74.1
2024-01-07,"Hong Kong","Chine",21.98,126.23,36.45,23.2,18,20.4,5.2,66.4
2024-01-08,"Hong Kong","Chine",39.09,107.23,36.84,22.3,17.7,19.5,4.6,69.7
2024-01-09,"Hong Kong","Chine",79.85,65.6,37.09,23.9,17.9,20.9,6,73.8
2024-01-10,"Hong Kong","Chine",42.7,65.67,15.23,23.8,17.6,20.4,6.2,65.7
2024-01-11,"Hong Kong","Chine",35.51,101.62,34.13,21.4,17.3,19,4.1,61.8
2024-01-12,"Hong Kong","Chine",45.41,115.34,47.68,21.7,16.4,19,5.3,70.7
2024-01-13,"Hong Kong","Chine",42.64,96.85,21.14,23.4,16.9,20.2,6.5,52.4
2024-01-14,"Hong Kong","Chine",26.86,88.67,9.82,23.7,17.4,20.6,6.3,55.2
2024-01-15,"Hong Kong","Chine",35.09,97.66,18.41,24.3,16.4,20.6,7.9,68.8
2024-01-16,"Hong Kong","Chine",31.69,96.83,22.5,21.6,17.2,19.3,4.4,69.8
2024-01-17,"Hong Kong","Chine",41.78,75.9,16.02,21.6,17.3,19.3,4.3,70.5
2024-01-18,"Hong Kong","Chine",45.05,61.03,10.44,24.6,19.1,21.3,5.5,72.2
2024-01-19,"Hong Kong","Chine",41.06,73.58,10.3,25.2,18.3,21.4,6.9,73
2024-01-20,"Hong Kong","Chine",60.53,49.54,26.97,24.7,18.7,21.1,6,75.2
2024-01-21,"Hong Kong","Chine",29.46,64.33,18.42,21,15.1,18.2,5.9,62.2
2024-01-22,"Hong Kong","Chine",34.65,28.12,14.49,18.1,9.7,14.5,8.4,69.2
2024-01-23,"Hong Kong","Chine",34.49,38.37,21.6,8.8,5.7,7.2,3.1,74.4
2024-01-24,"Hong Kong","Chine",44.99,35.58,23.18,10.7,5.7,7.8,5,53.8
2024-01-25,"Hong Kong","Chine",61.6,30.06,28.8,14.9,8.6,11.2,6.3,48.7
2024-01-26,"Hong Kong","Chine",55.96,38.14,32.53,16.6,12.2,13.8,4.4,53.7
2024-01-27,"Hong Kong","Chine",56.67,29.12,34.7,16.9,12.3,14,4.6,61.8
2024-01-28,"Hong Kong","Chine",32.63,33.93,27.1,14.4,10.6,12.4,3.8,79.6
2024-01-29,"Hong Kong","Chine",36.53,48.67,33.15,17.8,13.3,15.1,4.5,77.9
2024-01-30,"Hong Kong","Chine",47.87,55.66,23.93,20.5,16.4,18.1,4.1,84.2
2024-01-31,"Hong Kong","Chine",47.77,45.27,21.1,22.4,17.9,19.9,4.5,87.6
2024-02-01,"Hong Kong",NA,30.44,56.49,14.255,24.2,19.6,21.5,4.6,88.6
2024-02-02,"Hong Kong","Chine",13.11,67.71,7.41,26.3,19.3,21.8,7,85.7
2024-02-03,"Hong Kong","Chine",36.3,59.69,10.83,23,18,20.3,5,83
2024-02-04,"Hong Kong","Chine",30.53,51.7,14.86,22.6,19.4,20.8,3.2,87.8
2024-02-05,"Hong Kong","Chine",33.36,53.98,13.37,21.1,18.2,19.6,2.9,84.6
2024-02-06,"Hong Kong","Chine",31.15,60.98,11.46,22.5,17.9,19.6,4.6,81.4
2024-02-07,"Hong Kong","Chine",28.88,16.43,8.03,19.6,12.4,15.5,7.2,90.9
2024-02-08,"Hong Kong","Chine",26.92,16.6,6.02,12.6,10.6,11.3,2,83.9
2024-02-09,"Hong Kong","Chine",29.96,27.21,15.5,13.3,9.7,11.4,3.6,76.3
2024-02-10,"Hong Kong","Chine",32.17,43.66,28.93,18.2,11.2,14,7,63.3
2024-02-11,"Hong Kong","Chine",27.93,74.05,20.11,22.4,11.8,17,10.6,51.3
2024-02-12,"Hong Kong","Chine",20,94.1,16.77,22.2,14.5,18.2,7.7,46.5
2024-02-13,"Hong Kong","Chine",22.5,94.03,21.28,23.5,16.3,19.5,7.2,69
2024-02-14,"Hong Kong","Chine",32.65,70.92,16.88,24.8,17.5,20.5,7.3,77.6
2024-02-15,"Hong Kong","Chine",43.28,51.88,15.42,26.7,18.9,21.9,7.8,71
2024-02-16,"Hong Kong","Chine",26.18,66.94,15.84,23.6,18.6,20.4,5,73.1
2024-02-17,"Hong Kong","Chine",34.41,65.54,13.81,21.9,17.8,20,4.1,78.3
2024-02-18,"Hong Kong","Chine",42.32,42.13,13.79,26.9,19.8,22.5,7.1,81.3
2024-02-19,"Hong Kong","Chine",30.8,33.9,10.15,25.5,20.9,23,4.6,84.1
2024-02-20,"Hong Kong","Chine",25.5,45.84,10.23,27.4,22.1,24.3,5.3,81.7
2024-02-21,"Hong Kong","Chine",27.71,40.2,8.1,27.9,22.2,24.5,5.7,79.9
2024-02-22,"Hong Kong","Chine",35.17,31.24,14.94,27.2,22,24.1,5.2,80.1
2024-02-23,"Hong Kong","Chine",33.83,26.73,15.07,21.5,16.3,19.2,5.2,78.7
2024-02-24,"Hong Kong","Chine",44.88,19.12,19.35,19.4,15.6,16.8,3.8,71.9
2024-02-25,"Hong Kong","Chine",43.66,21.19,16.86,18.3,12.9,15.2,5.4,70.9
2024-02-26,"Hong Kong","Chine",47.23,29.1,26.8,19.1,14.3,16.3,4.8,70.3
2024-02-27,"Hong Kong","Chine",31.15,63.51,21.37,18.3,14.3,15.8,4,67
2024-02-28,"Hong Kong","Chine",33.42,70.67,19.75,18.4,15,17.1,3.4,77.7
2024-02-29,"Hong Kong","Chine",45.31,29.33,17.59,20.9,13.7,16.8,7.2,85.6
2024-03-01,"Hong Kong","Chine",37.58,38.99,9.16,13.8,9.5,11.8,4.3,74.8
2024-03-02,"Hong Kong","Chine",45.74,34.79,12.2,13.1,8.8,10.9,4.3,72.2
2024-03-03,"Hong Kong","Chine",21.4,77.12,18.07,18.5,13.5,15.9,5,77.1
2024-03-04,"Hong Kong","Chine",42.64,49.62,14.58,24,17.6,20.8,6.4,86.9
2024-03-05,"Hong Kong","Chine",24.56,40.92,16.53,27.6,22.1,24.8,5.5,82.5
2024-03-06,"Hong Kong","Chine",53.62,16.22,24.18,25.3,19.5,22.6,5.8,82.5
2024-03-07,"Hong Kong","Chine",39.09,35.32,19.25,19,16.7,18,2.3,69.1
2024-03-08,"Hong Kong","Chine",32.7,82.7,20.21,21.9,15.8,18.4,6.1,59.7
2024-03-09,"Hong Kong","Chine",33.04,87.16,32.29,19.7,15.1,16.9,4.6,71.9
2024-03-10,"Hong Kong","Chine",20.7,81.18,16.29,16.8,14.8,15.9,2,84.1
2024-03-11,"Hong Kong","Chine",44.02,42.32,8.77,18,16,17,2,90.4
2024-03-12,"Hong Kong","Chine",36.34,86.79,11.15,24.2,15.5,19,8.7,62.7
2024-03-13,"Hong Kong","Chine",31.53,116.41,24.56,23.1,17.7,19.8,5.4,62.4
2024-03-14,"Hong Kong","Chine",33.43,97.92,29.59,22.6,18.7,20.2,3.9,70.4
2024-03-15,"Hong Kong","Chine",34.33,86.15,34.19,22.8,19.2,20.8,3.6,78.1
2024-03-16,"Hong Kong","Chine",45.51,49.01,35.8,24,19.6,21.5,4.4,84.6
2024-03-17,"Hong Kong","Chine",74.01,19.98,28.61,25.6,20.7,22.7,4.9,85.7
2024-03-18,"Hong Kong","Chine",38.4,62.86,20.87,23.9,20.1,21.7,3.8,88.8
2024-03-19,"Hong Kong","Chine",40.67,64.8,9.18,22.7,18.8,20.8,3.9,71.2
2024-03-20,"Hong Kong","Chine",32.49,100.37,16.64,23.2,18.1,20.4,5.1,51.3
2024-03-21,"Hong Kong",NA,39.39,81.795,16.2,23.5,17.7,20.7,5.8,60.9
2024-03-22,"Hong Kong","Chine",46.29,63.22,15.76,26.3,20.4,23,5.9,76.9
2024-03-23,"Hong Kong","Chine",22.57,53.29,10.31,27.6,22,24.6,5.6,79.8
2024-03-24,"Hong Kong","Chine",18.56,56.82,8.82,29,23.5,25.9,5.5,78.1
2024-03-25,"Hong Kong","Chine",33.43,29.33,16.05,29.4,23.2,25.8,6.2,78.8
2024-03-26,"Hong Kong","Chine",45.1,64,24.73,30.5,23.1,25.9,7.4,77.6
2024-03-27,"Hong Kong","Chine",32.76,99.44,16.62,24.9,21.6,23,3.3,78.2
2024-03-28,"Hong Kong","Chine",54.72,37.73,16.3,26.6,22.8,24.6,3.8,78.2
2024-03-29,"Hong Kong","Chine",56.44,63.78,26.84,28.7,22.9,25.3,5.8,80.1
2024-03-30,"Hong Kong","Chine",20.04,42.92,11.08,29.2,24.6,26.4,4.6,76.3
2024-03-31,"Hong Kong","Chine",10.78,30.13,10.27,29.3,26.4,27.6,2.9,78.9
2024-04-01,"Hong Kong","Chine",10.67,48.44,25.95,30,26.6,27.7,3.4,75.7
2024-04-02,"Hong Kong","Chine",17.62,47.29,25.23,29.6,25.1,27.2,4.5,76.8
2024-04-03,"Hong Kong","Chine",13.08,40.73,5.1,28.6,26.2,27.3,2.4,77.3
2024-04-04,"Hong Kong","Chine",9.6,46.64,7.1,28.9,25.9,27.4,3,78.6
2024-04-05,"Hong Kong","Chine",16.64,58.2,20.64,28.6,24.6,26.8,4,76.1
2024-04-06,"Hong Kong","Chine",29.12,55.57,12.37,26,23.4,24.8,2.6,86.4
2024-04-07,"Hong Kong","Chine",24.63,48.95,13.53,27.8,24,26.1,3.8,84.5
2024-04-08,"Hong Kong","Chine",39.77,19.64,13.47,28.1,21.8,24.8,6.3,87.4
2024-04-09,"Hong Kong","Chine",11.77,91.87,10.37,24.7,21.5,22.4,3.2,78.1
2024-04-10,"Hong Kong","Chine",31.09,112.4,16.11,27.3,21.5,23.9,5.8,65.4
2024-04-11,"Hong Kong","Chine",42.81,89.47,20.4,28,22.6,24.8,5.4,74.6
2024-04-12,"Hong Kong","Chine",69.76,43.72,22.38,30.4,22,25.7,8.4,77.4
2024-04-13,"Hong Kong","Chine",28.8,58.34,15.1,30.5,23.1,26.5,7.4,76.5
2024-04-14,"Hong Kong","Chine",11.99,53.09,9.77,31,25,27.5,6,76.8
2024-04-15,"Hong Kong","Chine",23.24,37.71,18.64,31.5,25.4,27.8,6.1,78.1
2024-04-16,"Hong Kong","Chine",9.99,47.34,11.28,31.4,24.4,27.9,7,75.7
2024-04-17,"Hong Kong","Chine",13.5,46.16,12.1,30.9,26.4,28.7,4.5,75.3
2024-04-18,"Hong Kong","Chine",34.43,48.51,9.44,29.7,24.4,26.9,5.3,79.5
2024-04-19,"Hong Kong","Chine",13.92,48.47,10.05,28,26,27.4,2,81
2024-04-20,"Hong Kong","Chine",19.68,51.85,8.83,30,22.7,27.3,7.3,79.6
2024-04-21,"Hong Kong","Chine",37.9,36.22,7.02,27.3,22.7,24.6,4.6,85.1
2024-04-22,"Hong Kong","Chine",58.13,20.41,12.75,26.6,23.2,25,3.4,88.4
2024-04-23,"Hong Kong","Chine",51.05,36.85,8.55,26.6,24.4,25.3,2.2,90.1
2024-04-24,"Hong Kong","Chine",54.26,43.54,17.72,27.6,24.6,26,3,88.6
2024-04-25,"Hong Kong","Chine",28.91,33.86,6.47,29.2,25.4,27,3.8,83.2
2024-04-26,"Hong Kong","Chine",21.01,31.82,6.95,29.4,24.2,27.3,5.2,87.6
2024-04-27,"Hong Kong","Chine",15.92,34.25,6.54,30.3,27.4,28.7,2.9,84.5
2024-04-28,"Hong Kong","Chine",21.35,77.76,4.83,28.6,23.6,26.4,5,85.8
2024-04-29,"Hong Kong","Chine",17.28,33.76,8.18,29.9,25.5,28.1,4.4,82.7
2024-04-30,"Hong Kong","Chine",21.46,48.09,9.73,30.4,22.7,28.5,7.7,80.7
2024-05-01,"Hong Kong","Chine",50.56,63.34,12.98,24.7,22.2,23.6,2.5,89.5
2024-05-02,"Hong Kong","Chine",26.76,96.48,12.2,25.6,22.9,24.3,2.7,86.8
2024-05-03,"Hong Kong","Chine",33.25,94.46,12.95,26.8,23.6,24.9,3.2,82.7
2024-05-04,"Hong Kong","Chine",42.74,57.74,6.37,25.1,22.5,24,2.6,91.6
2024-05-05,"Hong Kong","Chine",41.54,67.08,8.67,27.7,22.8,25.4,4.9,85
2024-05-06,"Hong Kong","Chine",47.99,40.89,13.64,31.1,23.9,27.4,7.2,80.9
2024-05-07,"Hong Kong","Chine",43.39,88.88,21.06,30.8,24.7,26.9,6.1,79.5
2024-05-08,"Hong Kong","Chine",34.09,108.91,20.63,28.9,24.3,26.6,4.6,75.9
2024-05-09,"Hong Kong","Chine",22.15,149.26,19.63,28.9,24.6,26.4,4.3,63
2024-05-10,"Hong Kong","Chine",26.09,100.78,10.73,27.5,24.1,25.7,3.4,69.5
2024-05-11,"Hong Kong","Chine",35.83,69.8,13.28,29.8,24.5,27.1,5.3,78.2
2024-05-12,"Hong Kong","Chine",59.33,30.89,18.36,30,24.8,26.8,5.2,84.7
2024-05-13,"Hong Kong","Chine",31,90.92,10.36,29.5,23.5,26.4,6,80.5
2024-05-14,"Hong Kong","Chine",28.97,120.09,8.77,28.5,22.6,25.5,5.9,64.8
2024-05-15,"Hong Kong","Chine",27.24,148.8,11.62,29.3,22.7,26.2,6.6,61.3
2024-05-16,"Hong Kong","Chine",25.4,154.13,17.04,29.8,23.4,26.6,6.4,53
2024-05-17,"Hong Kong","Chine",37.38,99.63,11.64,28,23.5,25.8,4.5,69.3
2024-05-18,"Hong Kong","Chine",25.68,117.12,16.66,29.5,24.4,26.7,5.1,67
2024-05-19,"Hong Kong","Chine",16.76,80.79,10.21,26.6,24.1,25.5,2.5,77.3
2024-05-20,"Hong Kong","Chine",30.43,53.4,6.14,26.2,24,24.9,2.2,89.7
2024-05-21,"Hong Kong","Chine",65.53,13.36,13.11,26.2,24.5,25.4,1.7,93.9
2024-05-22,"Hong Kong","Chine",48.53,35.9,13.7,28.4,24.9,26.3,3.5,89
2024-05-23,"Hong Kong","Chine",36.49,53.26,4.84,28.6,24.7,26.4,3.9,87.9
2024-05-24,"Hong Kong","Chine",41.47,20.82,5.25,27.1,24.8,25.6,2.3,90.3
2024-05-25,"Hong Kong","Chine",37.39,29.04,7.28,29.4,25.2,26.9,4.2,87
2024-05-26,"Hong Kong","Chine",18.36,35.33,8.29,30,25.5,27.5,4.5,85
2024-05-27,"Hong Kong","Chine",19.18,38.42,7.55,30.1,27.1,28.3,3,84.3
2024-05-28,"Hong Kong","Chine",29.5,89.23,8.95,31.1,26.1,28.2,5,83.2
2024-05-29,"Hong Kong","Chine",25.22,108.87,9.22,28.2,24.7,26.2,3.5,67.9
2024-05-30,"Hong Kong","Chine",33.01,66.18,8.53,27.2,24.7,26.1,2.5,82.6
2024-05-31,"Hong Kong","Chine",27.63,48.7,4.9,29.8,26,27.6,3.8,88
2024-06-01,"Hong Kong","Chine",12.23,65.92,3.15,29.5,25.8,27.2,3.7,87.7
2024-06-02,"Hong Kong","Chine",33.94,76.69,14.88,30.1,26,28.1,4.1,85.1
2024-06-03,"Hong Kong","Chine",27.58,89.43,4.53,28,24.3,25.9,3.7,89.1
2024-06-04,"Hong Kong","Chine",31.78,93.39,11.66,26,23.8,24.7,2.2,83.3
2024-06-05,"Hong Kong","Chine",34.95,67,13.48,27.6,23.3,25.2,4.3,86.5
2024-06-06,"Hong Kong","Chine",38.97,59.92,9.66,27.9,24.7,26.5,3.2,87.8
2024-06-07,"Hong Kong","Chine",29.09,83.73,7.35,28,24.9,26.2,3.1,89.2
2024-06-08,"Hong Kong","Chine",36.18,48.25,6.3,29.8,24.9,26.8,4.9,87.4
2024-06-09,"Hong Kong","Chine",31.45,23.59,3.77,28.7,25.6,27,3.1,90
2024-06-10,"Hong Kong","Chine",12.66,40.75,2.1,30.8,26.2,28.6,4.6,84.3
2024-06-11,"Hong Kong","Chine",10.14,52.03,6.06,31.3,27.1,29,4.2,84.9
2024-06-12,"Hong Kong","Chine",9.5,61.26,7.32,32.3,27.7,29.6,4.6,83.9
2024-06-13,"Hong Kong","Chine",12.72,64.17,9.1,32.4,28.4,30.1,4,82.2
2024-06-14,"Hong Kong","Chine",12.81,62.51,8.34,30.4,27.5,29.5,2.9,84.4
2024-06-15,"Hong Kong","Chine",33.47,37.3,5.71,30.3,24.7,27.9,5.6,86.3
2024-06-16,"Hong Kong","Chine",14.89,48.5,5.79,31.2,25.1,28.9,6.1,85.2
2024-06-17,"Hong Kong","Chine",10.22,44.44,3.81,32.3,27.8,30.1,4.5,79.8
2024-06-18,"Hong Kong","Chine",11.44,53.49,5.31,31.8,27.6,30,4.2,80.3
2024-06-19,"Hong Kong","Chine",12.34,45.02,3.76,32.3,28,30.2,4.3,79.2
2024-06-20,"Hong Kong","Chine",13.09,40.51,3.43,32.5,28,30.1,4.5,80.2
2024-06-21,"Hong Kong","Chine",10.24,42.41,12.64,33.1,27.5,30.7,5.6,76.2
2024-06-22,"Hong Kong","Chine",9.55,45.02,7.18,33.5,28.8,30.9,4.7,76
2024-06-23,"Hong Kong","Chine",8.04,47.45,1.96,32.5,27.8,30.3,4.7,77.9
2024-06-24,"Hong Kong","Chine",10.8,43.04,3.16,31.7,28.4,30.3,3.3,78.7
2024-06-25,"Hong Kong","Chine",17.77,36.24,4.15,31.8,26.4,29.9,5.4,79.3
2024-06-26,"Hong Kong","Chine",20.31,32.45,5.61,33,26.8,30.1,6.2,77.8
2024-06-27,"Hong Kong","Chine",16.38,34.07,2.67,33.3,27.5,30.4,5.8,77.7
2024-06-28,"Hong Kong","Chine",11.09,43.61,2.47,32.8,28.3,30.6,4.5,76.7
2024-06-29,"Hong Kong","Chine",18.02,30.35,3.49,31.7,26.8,29.5,4.9,80.4
2024-06-30,"Hong Kong","Chine",9.99,42.81,4.21,31.9,27.4,30.2,4.5,79.9
2024-07-01,"Hong Kong","Chine",8.64,51.22,5.3,32.6,29.1,30.7,3.5,78.6
2024-07-02,"Hong Kong","Chine",11.15,41.27,4.22,32.2,29.1,30.4,3.1,79.4
2024-07-03,"Hong Kong","Chine",10.79,35.32,1.83,32.8,28.2,30.8,4.6,74.4
2024-07-04,"Hong Kong","Chine",27.2,31.89,6.99,32.5,28.2,30.2,4.3,76.4
2024-07-05,"Hong Kong","Chine",19.71,36.89,11.94,33.2,27.4,30.4,5.8,77
2024-07-06,"Hong Kong","Chine",19.81,24.08,2.91,33.3,28.3,30.8,5,76.5
2024-07-07,"Hong Kong","Chine",8.78,42.79,2.91,33.6,28.5,31.1,5.1,75.9
2024-07-08,"Hong Kong","Chine",12.39,53.46,5.28,33.8,28.3,31,5.5,73
2024-07-09,"Hong Kong","Chine",17.31,45.25,3.11,33.9,28,30.7,5.9,74.1
2024-07-10,"Hong Kong","Chine",15.56,40.44,1.51,33.2,26.8,30,6.4,78.9
2024-07-11,"Hong Kong","Chine",14.5,39.35,2.81,32.2,27.4,29.5,4.8,82.3
2024-07-12,"Hong Kong","Chine",16.98,41.87,2.65,31.6,27.5,29.3,4.1,85
2024-07-13,"Hong Kong","Chine",16.88,34.17,3.9,33.4,28.4,30.3,5,79
2024-07-14,"Hong Kong","Chine",18.52,26.73,5.01,34.8,28.1,30.4,6.7,78.7
2024-07-15,"Hong Kong","Chine",21.57,27.45,3.91,32.1,28.1,29.5,4,85.1
2024-07-16,"Hong Kong","Chine",21.93,32.48,3.13,30.4,27.7,28.9,2.7,87.6
2024-07-17,"Hong Kong","Chine",23.91,29.51,4.39,32.1,26.7,29,5.4,84.3
2024-07-18,"Hong Kong","Chine",27.26,18.87,4.15,31.3,26,28.3,5.3,88.1
2024-07-19,"Hong Kong","Chine",27.37,11.58,5.11,30.2,27.6,28.8,2.6,91.2
2024-07-20,"Hong Kong","Chine",20.22,20.22,4.75,32.9,29.1,30.2,3.8,84.2
2024-07-21,"Hong Kong","Chine",16.72,28.94,2.48,31.1,28.6,29.6,2.5,84.9
2024-07-22,"Hong Kong","Chine",20.77,34.63,3.3,32.1,28.4,29.9,3.7,84
2024-07-23,"Hong Kong","Chine",20.39,42.57,4.51,33.8,27.8,30.4,6,82.1
2024-07-24,"Hong Kong","Chine",26.04,72.85,8.86,33.5,28.4,30.3,5.1,82.1
2024-07-25,"Hong Kong","Chine",12.84,73.11,8.05,34.8,29.4,31.2,5.4,79.6
2024-07-26,"Hong Kong","Chine",11.29,59.23,6.51,30.1,28.5,29.3,1.6,90.8
2024-07-27,"Hong Kong","Chine",23.68,38.2,5.14,29.2,26.8,28.1,2.4,93.1
2024-07-28,"Hong Kong","Chine",25.47,27.07,4.01,27.4,26.2,26.9,1.2,95
2024-07-29,"Hong Kong","Chine",25.51,25.63,3.22,29.1,26.5,27.2,2.6,91.8
2024-07-30,"Hong Kong","Chine",28.3,26.93,2.1,30,26,27.5,4,90.2
2024-07-31,"Hong Kong","Chine",17.17,43.4,7.48,29.7,26.2,27.6,3.5,92.8
2024-08-01,"Hong Kong","Chine",9.37,50.98,9.56,32.3,27.8,29.6,4.5,84.9
2024-08-02,"Hong Kong","Chine",11.12,47.16,6.58,32.6,27.4,29.7,5.2,84.7
2024-08-03,"Hong Kong","Chine",11.1,49.98,7.34,33.4,27.6,30.3,5.8,78.1
2024-08-04,"Hong Kong","Chine",21.09,61.27,8.83,34.3,28.5,30.9,5.8,75.7
2024-08-05,"Hong Kong","Chine",38.57,97.4,18.96,35.8,28.5,31.8,7.3,77.4
2024-08-06,"Hong Kong","Chine",98.72,39.72,20.9,34,27.9,30.7,6.1,75.9
2024-08-07,"Hong Kong","Chine",16.37,68.05,10.98,33.8,27.6,30.8,6.2,77.2
2024-08-08,"Hong Kong","Chine",11.08,42.7,4.79,33.8,28.8,31,5,75.5
2024-08-09,"Hong Kong","Chine",9.89,47.57,6.29,34.6,28.4,30.8,6.2,75.6
2024-08-10,"Hong Kong","Chine",9.8,58.3,7.12,33.4,28.6,30.8,4.8,78.9
2024-08-11,"Hong Kong","Chine",9.19,60.4,8,32.9,28.8,30.6,4.1,78.9
2024-08-12,"Hong Kong","Chine",46.12,25.08,8.02,32.4,26.9,29.8,5.5,80.5
2024-08-13,"Hong Kong","Chine",47.21,27.46,9.01,31.7,27,29.1,4.7,85.9
2024-08-14,"Hong Kong","Chine",34.25,30.13,6.4,29.9,27.6,28.7,2.3,87.4
2024-08-15,"Hong Kong","Chine",51.55,12.3,6.29,30.8,26,27.4,4.8,91.8
2024-08-16,"Hong Kong","Chine",28.08,33.21,3.26,29.7,25.6,27.2,4.1,89.2
2024-08-17,"Hong Kong","Chine",31.24,41.29,6.01,28,25.5,27,2.5,94.4
2024-08-18,"Hong Kong","Chine",9.48,64.25,4.86,29.8,26.1,27.8,3.7,92.6
2024-08-19,"Hong Kong","Chine",11.8,56.28,4.33,28.4,26.6,27.4,1.8,93.5
2024-08-20,"Hong Kong","Chine",21,43.26,4.97,29.4,25.7,27.6,3.7,90.1
2024-08-21,"Hong Kong","Chine",47.92,21.2,7.17,28.7,25.9,27.5,2.8,85.9
2024-08-22,"Hong Kong","Chine",21.65,25.19,6.52,32.2,26.1,29.1,6.1,82.3
2024-08-23,"Hong Kong","Chine",19.39,29.39,8.14,32.5,27.4,29.7,5.1,81.4
2024-08-24,"Hong Kong","Chine",22.48,48.64,7.64,33.9,27.7,30.2,6.2,77.2
2024-08-25,"Hong Kong","Chine",24.62,33.51,5.05,33.3,27.2,29.9,6.1,76.4
2024-08-26,"Hong Kong","Chine",16.8,62.11,5.52,33.5,27,30.3,6.5,76.4
2024-08-27,"Hong Kong","Chine",22.84,83.02,11.2,34.1,27.3,30.7,6.8,76.1
2024-08-28,"Hong Kong","Chine",55.55,82.69,16.33,34.5,26.3,30.1,8.2,81.2
2024-08-29,"Hong Kong","Chine",39.05,104.8,19.67,32.1,26.7,28.9,5.4,83.8
2024-08-30,"Hong Kong","Chine",28.33,50.66,9.95,32.3,28.4,30.1,3.9,80.3
2024-08-31,"Hong Kong","Chine",32.11,25.58,5.72,31.8,27.2,29.4,4.6,82
2024-09-01,"Hong Kong","Chine",44.02,27.7,6.36,33.3,27.7,30.2,5.6,79.6
2024-09-02,"Hong Kong","Chine",44.99,67.17,10.3,34.5,27.5,30.8,7,76.4
2024-09-03,"Hong Kong","Chine",61.4,126.64,23.31,34.3,26.8,30.4,7.5,75.5
2024-09-04,"Hong Kong","Chine",42.93,95.76,15.62,33.1,26.3,29.8,6.8,74.3
2024-09-05,"Hong Kong","Chine",11.35,62.79,5.56,32.9,26.7,30.2,6.2,73.8
2024-09-06,"Hong Kong","Chine",11.73,57.96,5.1,28.9,26.3,27.8,2.6,87.6
2024-09-07,"Hong Kong","Chine",19.13,37.02,5.34,31.1,27.6,29.2,3.5,85.6
2024-09-08,"Hong Kong","Chine",26.12,37.55,4.37,30.6,27.3,28.7,3.3,87
2024-09-09,"Hong Kong","Chine",50.54,30.25,5.43,29.9,26.5,28.2,3.4,82
2024-09-10,"Hong Kong","Chine",23.42,60.88,12.7,32.6,25.4,29.3,7.2,75.3
2024-09-11,"Hong Kong","Chine",45.62,40.81,13.45,32.6,26.8,29.8,5.8,75.5
2024-09-12,"Hong Kong","Chine",40.86,57.95,10.71,32.7,26.5,29.8,6.2,74
2024-09-13,"Hong Kong","Chine",34.46,60.54,11.04,33.5,26.9,30.1,6.6,71.6
2024-09-14,"Hong Kong","Chine",49.69,39.42,14.18,32,27.5,29.2,4.5,78.4
2024-09-15,"Hong Kong","Chine",32.06,131.69,18.29,32.7,27.1,29.7,5.6,72.9
2024-09-16,"Hong Kong","Chine",29.98,56.16,7.51,31.7,27,29.1,4.7,74.7
2024-09-17,"Hong Kong","Chine",25.2,53.5,7.74,36.3,26.9,31.1,9.4,70.8
2024-09-18,"Hong Kong","Chine",20.35,66.64,7.5,33.5,26.9,30,6.6,72
2024-09-19,"Hong Kong","Chine",26.05,77.62,10.51,33.5,28.4,30.5,5.1,70.4
2024-09-20,"Hong Kong","Chine",30.59,44.36,9.11,32.6,27,29.8,5.6,78.8
2024-09-21,"Hong Kong","Chine",23.95,42.03,4.62,29,26.3,27.6,2.7,90.6
2024-09-22,"Hong Kong","Chine",20.28,39.46,4.94,30.6,24.3,27.3,6.3,86.7
2024-09-23,"Hong Kong","Chine",32.11,33.51,3.53,27,22.8,24.9,4.2,89.2
2024-09-24,"Hong Kong","Chine",25.93,31.15,2.95,27.9,24.9,26.7,3,90
2024-09-25,"Hong Kong","Chine",18.87,65.17,4.17,31.8,26.2,28.7,5.6,81.7
2024-09-26,"Hong Kong","Chine",21.1,90.3,6.99,31.7,26.4,29,5.3,79.8
2024-09-27,"Hong Kong","Chine",22.24,93.44,13.21,32.9,27.2,29.6,5.7,78.3
2024-09-28,"Hong Kong","Chine",34.26,91.84,19.36,33.5,27.7,29.7,5.8,78.1
2024-09-29,"Hong Kong","Chine",28.14,94.33,12.07,31.8,27.1,29.4,4.7,74.9
2024-09-30,"Hong Kong","Chine",46.65,99.78,20.8,33.9,26.5,30.6,7.4,70.5
2024-10-01,"Hong Kong","Chine",20.18,69.55,12.57,33.7,27.3,30.9,6.4,59.7
2024-10-02,"Hong Kong","Chine",25.11,92.36,10.5,29.9,24.7,26.9,5.2,53.9
2024-10-03,"Hong Kong","Chine",30.36,106.17,14.03,28.6,23.1,25.9,5.5,46.8
2024-10-04,"Hong Kong","Chine",37.88,92.01,13.35,28.9,23.9,26.6,5,46.6
2024-10-05,"Hong Kong","Chine",37.3,97.79,14.57,30.1,25.2,27.7,4.9,57.3
2024-10-06,"Hong Kong","Chine",37.17,92.56,17.33,31.9,26.2,28.8,5.7,65.7
2024-10-07,"Hong Kong","Chine",39.34,98.83,20.7,32.4,26.7,29.2,5.7,63.3
2024-10-08,"Hong Kong","Chine",30.33,90.46,20.46,30.7,25.5,28.1,5.2,58
2024-10-09,"Hong Kong","Chine",38.22,57.7,18.23,29.5,24.7,26.6,4.8,65.4
2024-10-10,"Hong Kong","Chine",35.01,88.66,14.68,29.7,23.7,26.9,6,64
2024-10-11,"Hong Kong","Chine",20.96,141.19,21.2,27.9,23.3,26.1,4.6,72.2
2024-10-12,"Hong Kong","Chine",24.3,137.66,19.7,30.2,25.5,27.5,4.7,64
2024-10-13,"Hong Kong","Chine",17,104.01,12.12,30.8,25.3,27.6,5.5,70.5
2024-10-14,"Hong Kong","Chine",25.29,85.13,15.75,31.5,25.3,28.3,6.2,70.8
2024-10-15,"Hong Kong","Chine",25.79,81.97,12.93,31.6,25.9,28.4,5.7,71.8
2024-10-16,"Hong Kong","Chine",23.28,81.26,9.41,32,26.5,28.5,5.5,71.3
2024-10-17,"Hong Kong","Chine",23.65,78.61,11.77,30.8,26.6,28.3,4.2,72.9
2024-10-18,"Hong Kong","Chine",30.53,61.31,13.07,31.5,26,28.5,5.5,74.9
2024-10-19,"Hong Kong","Chine",36.02,90.4,18.66,32.9,24.8,29,8.1,74.7
2024-10-20,"Hong Kong","Chine",17.54,87.55,8.55,31.2,26.6,28.5,4.6,73.1
2024-10-21,"Hong Kong","Chine",28.86,88.21,15.95,31.2,25.8,28,5.4,71.9
2024-10-22,"Hong Kong","Chine",34.9,74.04,15.91,32.5,25.6,28.4,6.9,63.2
2024-10-23,"Hong Kong","Chine",29.01,75.33,11.44,28.1,23,25.8,5.1,55.8
2024-10-24,"Hong Kong","Chine",38.61,96.02,14.98,27.7,21.5,24.3,6.2,41.8
2024-10-25,"Hong Kong","Chine",35.09,88.43,15.82,29.2,22.8,25.8,6.4,43.4
2024-10-26,"Hong Kong","Chine",28.43,61.15,15.46,27.8,24.7,26.1,3.1,62.8
2024-10-27,"Hong Kong","Chine",26.49,66.18,14.71,29.6,24.5,26.7,5.1,71.3
2024-10-28,"Hong Kong","Chine",40.87,41.46,8.21,26.9,23.9,25.4,3,66.2
2024-10-29,"Hong Kong","Chine",38.07,55.6,12.01,26.8,22.8,25,4,67
2024-10-30,"Hong Kong","Chine",41.82,77.91,20.25,28.7,23.4,25.7,5.3,63.4
2024-10-31,"Hong Kong","Chine",44.65,81.35,16.94,29.5,23.3,26.3,6.2,53.3
2024-11-01,"Hong Kong","Chine",37.16,86.06,11.57,30.2,23.6,26.8,6.6,55.7
2024-11-02,"Hong Kong","Chine",33.18,75.47,9.63,26.4,22.2,24.5,4.2,62.5
2024-11-03,"Hong Kong","Chine",19.63,114.11,15.49,28,23.6,25.6,4.4,69.9
2024-11-04,"Hong Kong","Chine",35.76,113.35,23.48,28.7,23.4,26.1,5.3,72.8
2024-11-05,"Hong Kong","Chine",35.9,93.78,27.43,28.8,23.1,25.7,5.7,66.1
2024-11-06,"Hong Kong","Chine",30.85,118,28.49,27.4,22.7,25,4.7,59.4
2024-11-07,"Hong Kong","Chine",35.02,104.67,19.06,27,20.4,24,6.6,51.5
2024-11-08,"Hong Kong","Chine",51.85,88.03,16.55,27,18.6,23.7,8.4,46.7
2024-11-09,"Hong Kong","Chine",27.59,91.61,13.43,28.7,23.3,25.6,5.4,57.8
2024-11-10,"Hong Kong","Chine",32.2,56.84,18.12,26.6,23.1,24.8,3.5,77.9
2024-11-11,"Hong Kong","Chine",30.03,95.91,20.21,28.5,22.9,25.2,5.6,73.8
2024-11-12,"Hong Kong","Chine",48.8,93.43,24.5,29.8,22.5,25.9,7.3,72.9
2024-11-13,"Hong Kong","Chine",36.19,41.17,11.58,26.9,23.4,24.9,3.5,80.6
2024-11-14,"Hong Kong","Chine",21.41,54.98,4.25,26.1,23.8,24.9,2.3,88.3
2024-11-15,"Hong Kong","Chine",45.76,19.2,8.55,26,23.4,24.6,2.6,92
2024-11-16,"Hong Kong","Chine",48.66,38.15,14.07,27.6,23.8,25.7,3.8,86.4
2024-11-17,"Hong Kong","Chine",31.49,52.71,10.76,26.1,22.8,24.5,3.3,86
2024-11-18,"Hong Kong","Chine",34.56,39.54,14.62,26.8,23.1,24.9,3.7,68.1
2024-11-19,"Hong Kong","Chine",29.12,23.41,3.35,22.8,18.1,19.7,4.7,82.4
2024-11-20,"Hong Kong","Chine",33.14,19.31,2.26,18.1,17,17.7,1.1,91.7
2024-11-21,"Hong Kong","Chine",39.29,20.87,7.89,21.1,16.9,19.1,4.2,80.1
2024-11-22,"Hong Kong","Chine",42.5,31.78,13.89,21.7,18.1,19.5,3.6,71.3
2024-11-23,"Hong Kong","Chine",32.79,58.24,17.92,21.4,17.9,19.7,3.5,68.9
2024-11-24,"Hong Kong","Chine",25,71.99,16.42,22,19.3,20.4,2.7,77.4
2024-11-25,"Hong Kong","Chine",43.42,42.91,12.9,22.4,20.4,21.4,2,80.9
2024-11-26,"Hong Kong","Chine",43.17,50.64,6.66,22.9,18.1,20.4,4.8,63.8
2024-11-27,"Hong Kong","Chine",42.7,62.83,10.09,22.4,15.7,18.7,6.7,42.7
2024-11-28,"Hong Kong","Chine",32.08,81.05,8.56,22.1,16.7,19.3,5.4,34.2
2024-11-29,"Hong Kong","Chine",44.99,68.25,9.4,21.7,15.8,18.4,5.9,31
2024-11-30,"Hong Kong","Chine",41.36,97.69,14.18,22.1,14.3,18.5,7.8,47.9
2024-12-01,"Hong Kong","Chine",32.64,126.52,20.35,22.8,15,19.5,7.8,64.1
2024-12-02,"Hong Kong","Chine",39.21,123.73,20.62,24.5,17.8,20.8,6.7,65.6
2024-12-03,"Hong Kong","Chine",34.16,91.5,14.31,25.3,18.2,21.7,7.1,71.4
2024-12-04,"Hong Kong","Chine",24.05,111.75,17.35,25.5,21.1,22.7,4.4,68.5
2024-12-05,"Hong Kong","Chine",43.74,91.06,27.31,23.9,19.4,21.6,4.5,74.5
2024-12-06,"Hong Kong","Chine",51.39,77.63,41.13,23.1,18.5,20.8,4.6,71.5
2024-12-07,"Hong Kong","Chine",39.59,65.09,29.33,23.2,17.6,20.1,5.6,65.4
2024-12-08,"Hong Kong","Chine",27.87,63.81,21.23,20.8,14.9,17.6,5.9,63.1
2024-12-09,"Hong Kong","Chine",33.54,65.25,17.02,20.5,16.2,17.8,4.3,70.8
2024-12-10,"Hong Kong","Chine",33.86,85.69,18.57,23,18,20.3,5,74.4
2024-12-11,"Hong Kong","Chine",62.2,55.91,26.93,25.8,19.2,21.9,6.6,74.1
2024-12-12,"Hong Kong","Chine",44.14,59.17,15.39,21.4,16,18.6,5.4,66.1
2024-12-13,"Hong Kong","Chine",36.91,65.27,18.97,20.5,14.8,17.8,5.7,61.7
2024-12-14,"Hong Kong","Chine",35.2,80.28,39.73,17.1,12.8,14.9,4.3,51
2024-12-15,"Hong Kong","Chine",33.05,74.69,20.98,16.6,11.8,14.1,4.8,38.5
2024-12-16,"Hong Kong","Chine",60.8,57.66,22.9,18.7,13.1,15.3,5.6,42.1
2024-12-17,"Hong Kong","Chine",66.04,85.08,30.86,21.4,11.4,16.1,10,61.5
2024-12-18,"Hong Kong","Chine",43,79.73,19.64,21.4,16,18.3,5.4,45.9
2024-12-19,"Hong Kong","Chine",47.36,93.95,34.3,18.3,12.3,15.1,6,40.7
2024-12-20,"Hong Kong","Chine",61.35,83.88,40.01,18,10.5,13.6,7.5,47.4
2024-12-21,"Hong Kong","Chine",43.07,91.58,22.9,20.7,10.2,15.7,10.5,46.9
2024-12-22,"Hong Kong","Chine",34.21,106.84,32.5,18.1,12.2,15.2,5.9,47
2024-12-23,"Hong Kong","Chine",58.4,65.47,40.19,17.6,14.3,15.9,3.3,53
2024-12-24,"Hong Kong","Chine",43.92,75.32,28.06,18.9,14.5,16.8,4.4,52.7
2024-12-25,"Hong Kong","Chine",54.55,47.62,27.31,19.3,15.3,17.2,4,71.5
2024-12-26,"Hong Kong","Chine",56.44,54.64,29.27,22.1,17.2,19.2,4.9,75
2024-12-27,"Hong Kong","Chine",52.74,72.94,42.73,20.9,17.4,18.8,3.5,74.6
2024-12-28,"Hong Kong","Chine",43.03,96.47,43.36,19.4,14.8,16.7,4.6,42.9
2024-12-29,"Hong Kong","Chine",30.98,124.41,40.16,17.9,11.6,14.8,6.3,53.8
2024-12-30,"Hong Kong","Chine",82.39,88.09,45.89,21.4,11.9,16.6,9.5,65.5
2024-12-31,"Hong Kong","Chine",62.93,100.69,42.8,22.9,15.2,19.2,7.7,53.8
2025-01-01,"Hong Kong","Chine",27.06,112.38,34.63,19.8,16.1,17.5,3.7,73.2
2025-01-02,"Hong Kong","Chine",71.24,79,42.96,21.9,16.5,18.9,5.4,66.2
2025-01-03,"Hong Kong","Chine",49.77,105.33,26.24,21.6,14.6,18.1,7,42.7
2025-01-04,"Hong Kong","Chine",41.21,106.33,25.13,20.1,13.3,17.1,6.8,64.2
2025-01-05,"Hong Kong","Chine",63.22,97.97,33.95,21.8,14.7,18.2,7.1,62.7
2025-01-06,"Hong Kong","Chine",52.67,108.98,30.48,20.9,12.9,16.6,8,56.6
2025-01-07,"Hong Kong","Chine",37.38,108.71,26.01,19.8,13.9,16.8,5.9,66.5
2025-01-08,"Hong Kong","Chine",46.2,109.87,30.03,20.7,15.8,17.5,4.9,67.9
2025-01-09,"Hong Kong","Chine",51.88,91.49,35.86,20.3,13.6,16.9,6.7,65.6
2025-01-10,"Hong Kong","Chine",44.03,75.11,19.45,17.1,12,14.6,5.1,42.9
2025-01-11,"Hong Kong","Chine",38.38,85.15,22.09,16.5,10.3,13.5,6.2,38.8
2025-01-12,"Hong Kong","Chine",34.38,89.94,11.06,19.5,9.3,13.8,10.2,33.3
2025-01-13,"Hong Kong","Chine",32.24,108.16,15.4,19.2,9.4,15.1,9.8,56.8
2025-01-14,"Hong Kong","Chine",58.99,68.88,17.21,21,16.1,18,4.9,56.8
2025-01-15,"Hong Kong","Chine",45.58,98.14,26.1,22.8,16.8,19.3,6,49
2025-01-16,"Hong Kong","Chine",62.53,92.45,42.87,19.1,12.3,15.6,6.8,47.3
2025-01-17,"Hong Kong","Chine",37.31,113.58,27.3,18.6,10.5,14.6,8.1,50.3
2025-01-18,"Hong Kong","Chine",60.26,93.07,28.4,19.9,12.6,15.5,7.3,60.2
2025-01-19,"Hong Kong","Chine",91.9,65.83,31.49,21.9,11.2,16.1,10.7,60.3
2025-01-20,"Hong Kong","Chine",61.83,94.4,22.91,21.3,11.4,16.3,9.9,62.6
2025-01-21,"Hong Kong","Chine",30.93,135.33,25.5,20.3,14.2,17.1,6.1,57
2025-01-22,"Hong Kong","Chine",37.12,92.07,19.14,20.3,17.1,18.2,3.2,68.1
2025-01-23,"Hong Kong","Chine",43.86,77.17,17.38,21,16.9,18.4,4.1,87.2
2025-01-24,"Hong Kong","Chine",25.74,93.08,11.68,20.9,17.1,18.5,3.8,71.9
2025-01-25,"Hong Kong","Chine",21.13,97,12.01,21.1,16.4,18.1,4.7,76.8
2025-01-26,"Hong Kong","Chine",19.7,58.72,7.47,17.1,11.9,14.5,5.2,76.8
2025-01-27,"Hong Kong","Chine",33.73,66.28,9.73,17.7,10.3,13.4,7.4,43.4
2025-01-28,"Hong Kong","Chine",37.48,68.05,12.36,18.5,10.7,14.4,7.8,37.9
2025-01-29,"Hong Kong","Chine",14.61,93.99,21.59,18.8,11.9,15.3,6.9,52.7
2025-01-30,"Hong Kong","Chine",17.6,95.96,13.83,19.4,13.8,16.3,5.6,66.4
2025-01-31,"Hong Kong","Chine",17.1,88.48,8.4,21.3,16.5,18.3,4.8,65.9
2025-02-01,"Hong Kong","Chine",27.37,63.74,6.37,21.6,17,19.1,4.6,87.9
2025-02-02,"Hong Kong","Chine",20.6,68.16,9.49,19.8,17.2,18.6,2.6,86.9
2025-02-03,"Hong Kong","Chine",21.52,34.7,3.6,17.6,12.9,15,4.7,79.4
2025-02-04,"Hong Kong","Chine",27.74,55.43,9.3,17.9,11.2,13.7,6.7,63.4
2025-02-05,"Hong Kong","Chine",26.92,79.98,24.16,18.4,12,15.1,6.4,67.5
2025-02-06,"Hong Kong","Chine",35.13,64.94,16.59,19.5,15.3,17.1,4.2,58.2
2025-02-07,"Hong Kong","Chine",30.52,45.79,10.92,16.9,12.1,14.6,4.8,64.9
2025-02-08,"Hong Kong","Chine",32.32,56.93,13.55,16.4,10.8,13.4,5.6,41.9
2025-02-09,"Hong Kong","Chine",19.36,83.77,10.64,16.6,10.7,13.7,5.9,42.4
2025-02-10,"Hong Kong","Chine",31.56,82.32,11.34,19.1,11.1,15.5,8,63.3
2025-02-11,"Hong Kong","Chine",27.44,75.5,9.53,20.6,15.3,17.8,5.3,72
2025-02-12,"Hong Kong","Chine",49.79,32.9,10.17,20.5,16.7,18.3,3.8,94.6
2025-02-13,"Hong Kong","Chine",32.73,57.33,27.39,19.2,16.2,17.6,3,79
2025-02-14,"Hong Kong","Chine",28.87,63.15,22.47,18.5,15.1,16.6,3.4,88.2
2025-02-15,"Hong Kong","Chine",68.3,26.08,22.98,23.2,15.4,18.3,7.8,85.1
2025-02-16,"Hong Kong","Chine",51.84,90.09,46.72,25.5,16.5,20.6,9,82.8
2025-02-17,"Hong Kong","Chine",26.85,123.92,30.47,22,16.8,18.8,5.2,72.7
2025-02-18,"Hong Kong","Chine",26.93,112.93,30.6,21.4,16.2,18,5.2,70.9
2025-02-19,"Hong Kong","Chine",33.14,87.37,17.23,20.3,15.7,17.2,4.6,74.7
2025-02-20,"Hong Kong","Chine",23.43,93.56,15.92,20,16.2,17.9,3.8,77.2
2025-02-21,"Hong Kong","Chine",31.28,78.67,21.93,19,16.1,17.2,2.9,82.9
2025-02-22,"Hong Kong","Chine",28.02,67.62,17.9,18.9,15.3,16.6,3.6,80.6
2025-02-23,"Hong Kong","Chine",25.51,36.3,6.85,18,14.7,16.2,3.3,76.2
2025-02-24,"Hong Kong","Chine",25.41,76.79,17.33,18.1,12.2,14.6,5.9,67.9
2025-02-25,"Hong Kong","Chine",74.76,32.97,33.05,18.9,13.8,16.1,5.1,73.3
2025-02-26,"Hong Kong","Chine",41.6,71.04,29.03,19.4,15.1,16.9,4.3,81.3
2025-02-27,"Hong Kong","Chine",39.65,76.68,21.56,22.4,15.6,18.3,6.8,78.2
2025-02-28,"Hong Kong","Chine",52.65,50.25,18.85,24.9,15.9,20.4,9,80
2025-03-01,"Hong Kong","Chine",43.8,47.58,18.45,23.8,19.6,21.6,4.2,86.9
2025-03-02,"Hong Kong","Chine",43.33,34.03,12.26,26.2,20.4,22.5,5.8,88
2025-03-03,"Hong Kong","Chine",52.37,21.65,13.28,26.6,20.3,23.1,6.3,86.8
2025-03-04,"Hong Kong","Chine",38.75,24.67,11.18,26,21.9,23.7,4.1,87.2
2025-03-05,"Hong Kong","Chine",29.29,36.75,6.22,22.8,16.9,18.8,5.9,94.1
2025-03-06,"Hong Kong","Chine",32.41,19.63,6.58,16.4,11.6,13.5,4.8,86.5
2025-03-07,"Hong Kong","Chine",40.13,16.9,9.42,13.7,11.1,12.3,2.6,87.5
2025-03-08,"Hong Kong","Chine",36.22,58.34,18.05,19.4,13,15.7,6.4,74.7
2025-03-09,"Hong Kong","Chine",23.33,102.45,14.94,20.6,15.4,18.1,5.2,70.4
2025-03-10,"Hong Kong","Chine",38.25,80.16,17.72,24.1,17.8,20.3,6.3,71
2025-03-11,"Hong Kong","Chine",45.94,67.06,16.3,25.7,18.6,21.6,7.1,77.4
2025-03-12,"Hong Kong","Chine",49.56,31.55,12.72,25.3,20.6,22.3,4.7,85
2025-03-13,"Hong Kong","Chine",69.26,15.23,21.43,27.6,21.2,23.8,6.4,84.4
2025-03-14,"Hong Kong","Chine",34.7,58.39,17.58,23.8,20.2,21.5,3.6,92.2
2025-03-15,"Hong Kong","Chine",36.88,36.3,9.86,24.5,18.3,21.2,6.2,89.8
2025-03-16,"Hong Kong","Chine",19.93,76.48,7.48,19.9,15,17.3,4.9,61.1
2025-03-17,"Hong Kong","Chine",35.97,70.27,23.1,17.5,14.4,15.7,3.1,53.1
2025-03-18,"Hong Kong","Chine",49.18,63.97,18.14,19.1,14.2,16.1,4.9,56
2025-03-19,"Hong Kong","Chine",39.22,110.93,18.94,21.8,12.4,16.8,9.4,57
2025-03-20,"Hong Kong","Chine",38.79,129.7,23.84,23.1,14.4,18.4,8.7,61.2
2025-03-21,"Hong Kong","Chine",39.31,135.11,23.97,24.2,13.5,19,10.7,62.5
2025-03-22,"Hong Kong","Chine",86.67,79.46,22.12,24.9,14.5,19.8,10.4,64.3
2025-03-23,"Hong Kong","Chine",87.07,70.53,25.88,26.2,14.9,20.3,11.3,61.1
2025-03-24,"Hong Kong","Chine",100.87,50.65,22.5,27.4,15.9,21.3,11.5,63.4
2025-03-25,"Hong Kong","Chine",65.25,76.06,20.68,27.7,17,22.2,10.7,66.1
2025-03-26,"Hong Kong","Chine",23.4,69.79,8.5,27.3,20.1,23.3,7.2,80.7
2025-03-27,"Hong Kong","Chine",24.95,34.23,9.41,27.6,21.3,24.5,6.3,83
2025-03-28,"Hong Kong","Chine",26.86,41.28,11.38,28,19.3,24.8,8.7,87.3
2025-03-29,"Hong Kong","Chine",27.26,30.54,6,19,12.9,15.3,6.1,88.4
2025-03-30,"Hong Kong","Chine",27.07,25.48,3.15,13.2,11.4,12.4,1.8,87
2025-03-31,"Hong Kong","Chine",33.9,22.03,6.11,12.6,11.3,12,1.3,89.9
2025-04-01,"Hong Kong","Chine",39.02,40.78,11.14,19,11.6,14.8,7.4,73.7
2025-04-02,"Hong Kong","Chine",35.3,77.82,12.41,22.4,12.1,17.3,10.3,67.9
2025-04-03,"Hong Kong","Chine",47.03,95.9,13.4,24.2,14.6,19.4,9.6,61.2
2025-04-04,"Hong Kong","Chine",21.34,112.48,22.28,22.2,17.6,19.6,4.6,71
2025-04-05,"Hong Kong","Chine",47.09,52.18,16.77,19.4,18.1,18.5,1.3,94.3
2025-04-06,"Hong Kong","Chine",41.02,80.79,22.06,22.7,17.7,19.6,5,80.7
2025-04-07,"Hong Kong","Chine",37.66,126.75,25.51,25.9,17.3,21,8.6,68.8
2025-04-08,"Hong Kong","Chine",51.25,86.55,22.05,25.8,19.1,22.3,6.7,77.6
2025-04-09,"Hong Kong","Chine",70.24,32.64,16.82,27.3,20.4,23.3,6.9,81.2
2025-04-10,"Hong Kong","Chine",48.27,34.03,14.95,27.5,21.7,24.2,5.8,84
2025-04-11,"Hong Kong","Chine",24.09,33.65,12.35,27.1,22.1,24.4,5,88.7
2025-04-12,"Hong Kong","Chine",15.41,61.4,29.57,27,19.8,23.9,7.2,86.9
2025-04-13,"Hong Kong","Chine",46.7,60.25,62.21,23.7,19.3,21,4.4,39.5
2025-04-14,"Hong Kong","Chine",74.51,90.4,70.41,27.9,16.3,21.7,11.6,54
2025-04-15,"Hong Kong","Chine",47.06,130.52,40.39,31.2,17.8,24.2,13.4,51.8
2025-04-16,"Hong Kong","Chine",31.88,104.15,21.57,27.5,19.9,23.3,7.6,74.4
2025-04-17,"Hong Kong","Chine",25.32,74.65,14.81,26.5,21,23.8,5.5,81.7
2025-04-18,"Hong Kong","Chine",27.85,32.38,10.23,25.1,22.9,24.1,2.2,94
2025-04-19,"Hong Kong","Chine",13.49,38.04,10.34,28.8,24.4,26,4.4,89.4
2025-04-20,"Hong Kong","Chine",15.84,35.73,10.38,30.2,24.7,26.8,5.5,83.1
2025-04-21,"Hong Kong","Chine",10.7,38.92,10.36,29.9,24.3,26.7,5.6,82.9
2025-04-22,"Hong Kong","Chine",11.9,42.24,11.75,30.2,25,27.2,5.2,83.4
2025-04-23,"Hong Kong","Chine",7.6,47.15,8.56,30.5,25.6,27.7,4.9,81.6
2025-04-24,"Hong Kong","Chine",24.61,39.69,8.18,30.1,24.5,27.3,5.6,81.6
2025-04-25,"Hong Kong","Chine",46.59,59.43,10.1,26,23.2,24.7,2.8,91.6
2025-04-26,"Hong Kong","Chine",21.28,108.75,10.76,24.6,21.1,22.3,3.5,88.3
2025-04-27,"Hong Kong","Chine",29.78,73.85,18.87,25.3,21.3,22.5,4,92.3
2025-04-28,"Hong Kong","Chine",63.98,55.55,19.16,29.3,22.6,25.2,6.7,87.5
2025-04-29,"Hong Kong","Chine",25.68,156.23,19.76,28.3,23,25.1,5.3,65.6
2025-04-30,"Hong Kong","Chine",46.09,94.42,19.91,27.9,22.3,24.8,5.6,77
2025-05-01,"Hong Kong","Chine",40.32,59.17,17.05,28,23.2,25.2,4.8,87.2
2025-05-02,"Hong Kong","Chine",29.9,131.93,29.36,31.5,23.3,26.7,8.2,79.4
2025-05-03,"Hong Kong","Chine",52.7,60.05,20.69,28.5,24,26.2,4.5,85.5
2025-05-04,"Hong Kong","Chine",16.03,60.89,10.97,29.7,24.4,26.9,5.3,85.1
2025-05-05,"Hong Kong","Chine",10.95,50.33,8.3,30.3,25.2,27.3,5.1,83.5
2025-05-06,"Hong Kong","Chine",10.7,42.94,6.67,30.1,25.9,27.5,4.2,88.1
2025-05-07,"Hong Kong","Chine",19.09,49.89,10,27,24.9,26.1,2.1,94.3
2025-05-08,"Hong Kong","Chine",33.75,52.47,14.21,27.4,24.7,25.9,2.7,91.1
2025-05-09,"Hong Kong","Chine",76.05,25.3,13.66,29.1,24.6,26.4,4.5,89.9
2025-05-10,"Hong Kong","Chine",47.07,71.1,13.86,29.1,23.9,26.3,5.2,84.1
2025-05-11,"Hong Kong","Chine",20.72,104.85,10.28,27.4,20.9,24,6.5,62.8
2025-05-12,"Hong Kong","Chine",23.96,129.84,13.38,28.5,19.8,24.4,8.7,60.1
2025-05-13,"Hong Kong","Chine",24.65,133.69,16.41,28.4,22.2,25,6.2,76.6
2025-05-14,"Hong Kong","Chine",30.29,82.9,6.94,30.3,24.4,26.6,5.9,82.3
2025-05-15,"Hong Kong","Chine",21.55,56.22,3.45,31,25.6,27.7,5.4,82.3
2025-05-16,"Hong Kong","Chine",23.27,34.12,2.93,30,26,27.7,4,83.9
2025-05-17,"Hong Kong","Chine",28.18,32.26,3.6,31.9,25.5,28.2,6.4,82.7
2025-05-18,"Hong Kong","Chine",8.12,47.19,5.29,33.1,26.1,28.6,7,83
2025-05-19,"Hong Kong","Chine",14.79,39.51,6.71,32.5,27.1,28.6,5.4,84
2025-05-20,"Hong Kong","Chine",7.69,44.8,6.02,30.8,27.6,29.1,3.2,83.1
2025-05-21,"Hong Kong","Chine",8.71,48.42,6.12,33.4,27.1,29.8,6.3,79.8
2025-05-22,"Hong Kong","Chine",11.19,48.98,6.75,34,27.6,30,6.4,78.2
2025-05-23,"Hong Kong","Chine",27.21,33.45,5.65,33.4,26.3,29.7,7.1,81.1
2025-05-24,"Hong Kong","Chine",40.98,60.03,12.41,30.4,25.3,27.4,5.1,80.5
2025-05-25,"Hong Kong","Chine",17.93,97,18.2,26.2,23.9,24.8,2.3,70.7
2025-05-26,"Hong Kong","Chine",24.43,117.45,20.46,27.4,23.2,24.7,4.2,66.4
2025-05-27,"Hong Kong","Chine",23.68,114,17.12,28.7,24,26,4.7,69.4
2025-05-28,"Hong Kong","Chine",29.15,78.36,13.11,28.6,24.8,25.8,3.8,83.8
2025-05-29,"Hong Kong","Chine",29.13,65.55,8.14,28.6,24.6,26,4,92.1
2025-05-30,"Hong Kong","Chine",19.47,89.27,10.01,26,23.5,24.2,2.5,89.7
2025-05-31,"Hong Kong","Chine",15.37,98.38,16.44,27.9,24.1,25.1,3.8,83.8
2023-09-01,"Kigali","Rwanda",NA,NA,42.27,25,18,21.5,7,66
2023-09-02,"Kigali","Rwanda",NA,NA,34.49,25,17,21,8,74
2023-09-03,"Kigali","Rwanda",NA,NA,54.8,25,19,22,6,66
2023-09-04,"Kigali","Rwanda",NA,NA,62.95,25,17,21,8,71
2023-09-05,"Kigali","Rwanda",NA,NA,65.77,24,16,20,8,83
2023-09-06,"Kigali","Rwanda",NA,NA,47.18,24,16,20,8,86
2023-09-07,"Kigali","Rwanda",NA,NA,45.35,22,16,19,6,86
2023-09-08,"Kigali","Rwanda",NA,NA,44.89,25,16,20.5,9,83
2023-09-09,"Kigali","Rwanda",NA,NA,40.49,24,16,20,8,87
2023-09-10,"Kigali","Rwanda",NA,NA,35.37,23,18,20.5,5,87
2023-09-11,"Kigali","Rwanda",NA,NA,31.52,19,16,17.5,3,93
2023-09-12,"Kigali","Rwanda",NA,NA,37.77,24,17,20.5,7,80
2023-09-13,"Kigali","Rwanda",NA,NA,24.9,25,17,21,8,83
2023-09-14,"Kigali","Rwanda",NA,NA,31.16,25,18,21.5,7,81
2023-09-15,"Kigali","Rwanda",NA,NA,47.04,24,17,20.5,7,81
2023-09-16,"Kigali",NA,NA,NA,39.6181637717122,25,17,21,8,74
2023-09-17,"Kigali",NA,NA,NA,39.6181637717122,26,17,21.5,9,82
2023-09-18,"Kigali",NA,NA,NA,39.6181637717122,25,17,21,8,81
2023-09-19,"Kigali",NA,NA,NA,39.6181637717122,22,17,19.5,5,86
2023-09-20,"Kigali",NA,NA,NA,39.6181637717122,23,16,19.5,7,90
2023-09-21,"Kigali",NA,NA,NA,39.6181637717122,24,16,20,8,87
2023-09-22,"Kigali",NA,NA,NA,39.6181637717122,25,16,20.5,9,85
2023-09-23,"Kigali",NA,NA,NA,39.6181637717122,23,16,19.5,7,79
2023-09-24,"Kigali",NA,NA,NA,39.6181637717122,24,16,20,8,78
2023-09-25,"Kigali",NA,NA,NA,39.6181637717122,23,17,20,6,79
2023-09-26,"Kigali",NA,NA,NA,39.6181637717122,24,16,20,8,79
2023-09-27,"Kigali",NA,NA,NA,39.6181637717122,24,17,20.5,7,84
2023-09-28,"Kigali",NA,NA,NA,39.6181637717122,23,16,19.5,7,87
2023-09-29,"Kigali",NA,NA,NA,39.6181637717122,24,16,20,8,86
2023-09-30,"Kigali",NA,NA,NA,39.6181637717122,26,16,21,10,80
2023-10-01,"Kigali",NA,NA,NA,39.6181637717122,24,17,20.5,7,73
2023-10-02,"Kigali",NA,NA,NA,39.6181637717122,26,18,22,8,77
2023-10-03,"Kigali",NA,NA,NA,39.6181637717122,27,17,22,10,77
2023-10-04,"Kigali",NA,NA,NA,39.6181637717122,27,17,22,10,49
2023-10-05,"Kigali",NA,NA,NA,39.6181637717122,26,17,21.5,9,67
2023-10-06,"Kigali",NA,NA,NA,39.6181637717122,25,17,21,8,77
2023-10-07,"Kigali",NA,NA,NA,39.6181637717122,26,17,21.5,9,73
2023-10-08,"Kigali",NA,NA,NA,39.6181637717122,25,18,21.5,7,72
2023-10-09,"Kigali",NA,NA,NA,39.6181637717122,24,18,21,6,75
2023-10-10,"Kigali",NA,NA,NA,39.6181637717122,23,17,20,6,84
2023-10-11,"Kigali",NA,NA,NA,39.6181637717122,22,17,19.5,5,86
2023-10-12,"Kigali",NA,NA,NA,39.6181637717122,22,16,19,6,91
2023-10-13,"Kigali",NA,NA,NA,39.6181637717122,25,17,21,8,86
2023-10-14,"Kigali",NA,NA,NA,39.6181637717122,24,17,20.5,7,82
2023-10-15,"Kigali",NA,NA,NA,39.6181637717122,24,17,20.5,7,79
2023-10-16,"Kigali",NA,NA,NA,39.6181637717122,22,16,19,6,90
2023-10-17,"Kigali",NA,NA,NA,39.6181637717122,22,16,19,6,89
2023-10-18,"Kigali",NA,NA,NA,39.6181637717122,23,16,19.5,7,88
2023-10-19,"Kigali",NA,NA,NA,39.6181637717122,22,16,19,6,90
2023-10-20,"Kigali",NA,NA,NA,39.6181637717122,23,16,19.5,7,88
2023-10-21,"Kigali",NA,NA,NA,39.6181637717122,22,15,18.5,7,90
2023-10-22,"Kigali",NA,NA,NA,39.6181637717122,24,16,20,8,86
2023-10-23,"Kigali",NA,NA,NA,39.6181637717122,24,17,20.5,7,81
2023-10-24,"Kigali",NA,NA,NA,39.6181637717122,26,17,21.5,9,78
2023-10-25,"Kigali",NA,NA,NA,39.6181637717122,24,17,20.5,7,80
2023-10-26,"Kigali",NA,NA,NA,39.6181637717122,23,17,20,6,84
2023-10-27,"Kigali","Rwanda",NA,NA,26.99,25,17,21,8,72
2023-10-28,"Kigali","Rwanda",NA,NA,33.91,22,15,18.5,7,90
2023-10-29,"Kigali","Rwanda",NA,NA,29.4,22,16,19,6,87
2023-10-30,"Kigali","Rwanda",NA,NA,23.11,23,16,19.5,7,88
2023-10-31,"Kigali","Rwanda",NA,NA,22.37,24,16,20,8,82
2023-11-01,"Kigali","Rwanda",NA,NA,26,22,17,19.5,5,86
2023-11-02,"Kigali","Rwanda",NA,NA,19.29,23,17,20,6,84
2023-11-03,"Kigali","Rwanda",NA,NA,22.16,20,17,18.5,3,92
2023-11-04,"Kigali","Rwanda",NA,NA,25.16,19,16,17.5,3,92
2023-11-05,"Kigali","Rwanda",NA,NA,26.77,22,15,18.5,7,89
2023-11-06,"Kigali","Rwanda",NA,NA,28.22,21,16,18.5,5,91
2023-11-07,"Kigali","Rwanda",NA,NA,27.4,22,16,19,6,90
2023-11-08,"Kigali","Rwanda",NA,NA,31.24,21,16,18.5,5,89
2023-11-09,"Kigali","Rwanda",NA,NA,24.18,22,17,19.5,5,90
2023-11-10,"Kigali","Rwanda",NA,NA,30.32,22,17,19.5,5,86
2023-11-11,"Kigali","Rwanda",NA,NA,27.65,23,16,19.5,7,87
2023-11-12,"Kigali","Rwanda",NA,NA,22.01,22,16,19,6,87
2023-11-13,"Kigali","Rwanda",NA,NA,22.99,21,16,18.5,5,90
2023-11-14,"Kigali","Rwanda",NA,NA,27.18,20,16,18,4,89
2023-11-15,"Kigali","Rwanda",NA,NA,27.49,22,16,19,6,91
2023-11-16,"Kigali","Rwanda",NA,NA,26.24,23,16,19.5,7,89
2023-11-17,"Kigali","Rwanda",NA,NA,27.95,22,16,19,6,91
2023-11-18,"Kigali","Rwanda",NA,NA,14.81,21,16,18.5,5,87
2023-11-19,"Kigali","Rwanda",NA,NA,23.96,24,16,20,8,88
2023-11-20,"Kigali","Rwanda",NA,NA,23.29,21,16,18.5,5,87
2023-11-21,"Kigali","Rwanda",NA,NA,27.37,23,16,19.5,7,88
2023-11-22,"Kigali","Rwanda",NA,NA,24.5,22,16,19,6,88
2023-11-23,"Kigali","Rwanda",NA,NA,23.63,22,16,19,6,90
2023-11-24,"Kigali","Rwanda",NA,NA,24.82,21,16,18.5,5,88
2023-11-25,"Kigali","Rwanda",NA,NA,23.78,21,16,18.5,5,93
2023-11-26,"Kigali","Rwanda",NA,NA,23.33,20,16,18,4,93
2023-11-27,"Kigali","Rwanda",NA,NA,23.8,21,16,18.5,5,92
2023-11-28,"Kigali","Rwanda",NA,NA,36.77,21,16,18.5,5,91
2023-11-29,"Kigali","Rwanda",NA,NA,26.11,22,16,19,6,89
2023-11-30,"Kigali","Rwanda",NA,NA,30.65,22,16,19,6,91
2023-12-01,"Kigali","Rwanda",NA,NA,32.84,23,16,19.5,7,90
2023-12-02,"Kigali","Rwanda",NA,NA,37.8,22,16,19,6,91
2023-12-03,"Kigali","Rwanda",NA,NA,29.66,22,16,19,6,90
2023-12-04,"Kigali","Rwanda",NA,NA,27.83,21,16,18.5,5,90
2023-12-05,"Kigali","Rwanda",NA,NA,28.96,21,16,18.5,5,96
2023-12-06,"Kigali","Rwanda",NA,NA,28.47,21,16,18.5,5,93
2023-12-07,"Kigali","Rwanda",NA,NA,34.19,22,15,18.5,7,89
2023-12-08,"Kigali","Rwanda",NA,NA,34.2,22,16,19,6,88
2023-12-09,"Kigali","Rwanda",NA,NA,32.61,23,16,19.5,7,90
2023-12-10,"Kigali","Rwanda",NA,NA,29.89,22,16,19,6,91
2023-12-11,"Kigali","Rwanda",NA,NA,29.44,22,16,19,6,90
2023-12-12,"Kigali","Rwanda",NA,NA,30.26,22,16,19,6,90
2023-12-13,"Kigali","Rwanda",NA,NA,33.93,22,16,19,6,89
2023-12-14,"Kigali","Rwanda",NA,NA,25.26,22,16,19,6,90
2023-12-15,"Kigali","Rwanda",NA,NA,24.8,22,16,19,6,90
2023-12-16,"Kigali","Rwanda",NA,NA,20.86,22,16,19,6,90
2023-12-17,"Kigali","Rwanda",NA,NA,35.1,22,16,19,6,90
2023-12-18,"Kigali","Rwanda",NA,NA,28.63,23,16,19.5,7,89
2023-12-19,"Kigali","Rwanda",NA,NA,28,24,17,20.5,7,88
2023-12-20,"Kigali","Rwanda",NA,NA,30.15,23,17,20,6,87
2023-12-21,"Kigali","Rwanda",NA,NA,34.57,24,17,20.5,7,87
2023-12-22,"Kigali","Rwanda",NA,NA,41.91,24,16,20,8,88
2023-12-23,"Kigali","Rwanda",NA,NA,41.49,23,17,20,6,91
2023-12-24,"Kigali","Rwanda",NA,NA,33.34,23,16,19.5,7,88
2023-12-25,"Kigali","Rwanda",NA,NA,28.36,24,17,20.5,7,80
2023-12-26,"Kigali","Rwanda",NA,NA,34.94,23,17,20,6,89
2023-12-27,"Kigali","Rwanda",NA,NA,19.68,23,17,20,6,85
2023-12-28,"Kigali","Rwanda",NA,NA,29.71,22,16,19,6,90
2023-12-29,"Kigali","Rwanda",NA,NA,38.32,21,17,19,4,87
2023-12-30,"Kigali","Rwanda",NA,NA,40.63,23,17,20,6,87
2023-12-31,"Kigali","Rwanda",NA,NA,36.04,22,17,19.5,5,95
2024-01-01,"Kigali","Rwanda",NA,NA,47.2,22,17,19.5,5,93
2024-01-02,"Kigali","Rwanda",NA,NA,48.04,22,16,19,6,91
2024-01-03,"Kigali","Rwanda",NA,NA,52.69,21,16,18.5,5,86
2024-01-04,"Kigali","Rwanda",NA,NA,64.97,24,16,20,8,93
2024-01-05,"Kigali","Rwanda",NA,NA,62.4,22,16,19,6,91
2024-01-06,"Kigali","Rwanda",NA,NA,65.25,24,17,20.5,7,84
2024-01-07,"Kigali","Rwanda",NA,NA,62.78,24,16,20,8,85
2024-01-08,"Kigali","Rwanda",NA,NA,74.49,25,16,20.5,9,76
2024-01-09,"Kigali","Rwanda",NA,NA,84.84,25,17,21,8,75
2024-01-10,"Kigali","Rwanda",NA,NA,90.95,24,17,20.5,7,72
2024-01-11,"Kigali","Rwanda",NA,NA,72.13,23,16,19.5,7,79
2024-01-12,"Kigali","Rwanda",NA,NA,51.29,21,17,19,4,77
2024-01-13,"Kigali","Rwanda",NA,NA,64.05,24,17,20.5,7,88
2024-01-14,"Kigali","Rwanda",NA,NA,43.57,18,16,17,2,91
2024-01-15,"Kigali","Rwanda",NA,NA,45.94,22,17,19.5,5,83
2024-01-16,"Kigali","Rwanda",NA,NA,72.27,22,17,19.5,5,87
2024-01-17,"Kigali","Rwanda",NA,NA,65.8,24,17,20.5,7,83
2024-01-18,"Kigali","Rwanda",NA,NA,49.2,24,17,20.5,7,74
2024-01-19,"Kigali","Rwanda",NA,NA,51.79,22,17,19.5,5,79
2024-01-20,"Kigali","Rwanda",NA,NA,50.02,25,18,21.5,7,72
2024-01-21,"Kigali","Rwanda",NA,NA,65.71,24,17,20.5,7,82
2024-01-22,"Kigali","Rwanda",NA,NA,80.87,25,15,20,10,65
2024-01-23,"Kigali","Rwanda",NA,NA,84.35,25,17,21,8,69
2024-01-24,"Kigali","Rwanda",NA,NA,86.37,23,18,20.5,5,69
2024-01-25,"Kigali","Rwanda",NA,NA,72.84,24,17,20.5,7,81
2024-01-26,"Kigali","Rwanda",NA,NA,35.45,23,17,20,6,92
2024-01-27,"Kigali","Rwanda",NA,NA,57,23,17,20,6,82
2024-01-28,"Kigali","Rwanda",NA,NA,77.79,25,16,20.5,9,85
2024-01-29,"Kigali","Rwanda",NA,NA,79.64,23,17,20,6,86
2024-01-30,"Kigali","Rwanda",NA,NA,45.17,25,17,21,8,79
2024-01-31,"Kigali","Rwanda",NA,NA,48.91,24,16,20,8,85
2024-02-01,"Kigali","Rwanda",NA,NA,56.67,24,18,21,6,75
2024-02-02,"Kigali","Rwanda",NA,NA,47.99,23,16,19.5,7,81
2024-02-03,"Kigali","Rwanda",NA,NA,51.84,22,16,19,6,86
2024-02-04,"Kigali","Rwanda",NA,NA,57.41,24,16,20,8,78
2024-02-05,"Kigali","Rwanda",NA,NA,54.66,24,16,20,8,82
2024-02-06,"Kigali","Rwanda",NA,NA,39.45,22,16,19,6,83
2024-02-07,"Kigali","Rwanda",NA,NA,53.05,23,16,19.5,7,88
2024-02-08,"Kigali","Rwanda",NA,NA,47.3,23,16,19.5,7,91
2024-02-09,"Kigali","Rwanda",NA,NA,42.1,24,16,20,8,88
2024-02-10,"Kigali","Rwanda",NA,NA,57.68,24,17,20.5,7,81
2024-02-11,"Kigali","Rwanda",NA,NA,69.78,24,17,20.5,7,81
2024-02-12,"Kigali","Rwanda",NA,NA,50.49,24,17,20.5,7,89
2024-02-13,"Kigali","Rwanda",NA,NA,35.37,23,17,20,6,91
2024-02-14,"Kigali","Rwanda",NA,NA,29.42,23,17,20,6,90
2024-02-15,"Kigali","Rwanda",NA,NA,28.2,22,17,19.5,5,94
2024-02-16,"Kigali","Rwanda",NA,NA,49.47,22,18,20,4,86
2024-02-17,"Kigali","Rwanda",NA,NA,45.97,24,17,20.5,7,90
2024-02-18,"Kigali","Rwanda",NA,NA,45.25,24,17,20.5,7,89
2024-02-19,"Kigali","Rwanda",NA,NA,60.83,26,17,21.5,9,92
2024-02-20,"Kigali","Rwanda",NA,NA,68.29,24,17,20.5,7,84
2024-02-21,"Kigali","Rwanda",NA,NA,55.98,24,17,20.5,7,87
2024-02-22,"Kigali","Rwanda",NA,NA,47.04,26,17,21.5,9,83
2024-02-23,"Kigali","Rwanda",NA,NA,41.39,27,17,22,10,81
2024-02-24,"Kigali","Rwanda",NA,NA,37.96,25,18,21.5,7,76
2024-02-25,"Kigali","Rwanda",NA,NA,36.68,26,17,21.5,9,82
2024-02-26,"Kigali","Rwanda",NA,NA,38.72,23,16,19.5,7,91
2024-02-27,"Kigali","Rwanda",NA,NA,41.46,21,17,19,4,92
2024-02-28,"Kigali","Rwanda",NA,NA,59.58,22,16,19,6,88
2024-02-29,"Kigali","Rwanda",NA,NA,52.14,24,17,20.5,7,89
2024-03-01,"Kigali","Rwanda",NA,NA,43.27,24,16,20,8,88
2024-03-02,"Kigali","Rwanda",NA,NA,40.69,22,17,19.5,5,91
2024-03-03,"Kigali","Rwanda",NA,NA,42.66,24,17,20.5,7,85
2024-03-04,"Kigali","Rwanda",NA,NA,52.87,24,17,20.5,7,89
2024-03-05,"Kigali","Rwanda",NA,NA,50.63,22,17,19.5,5,93
2024-03-06,"Kigali","Rwanda",NA,NA,25.41,23,17,20,6,90
2024-03-07,"Kigali","Rwanda",NA,NA,38.21,23,16,19.5,7,91
2024-03-08,"Kigali","Rwanda",NA,NA,31.69,23,16,19.5,7,89
2024-03-09,"Kigali","Rwanda",NA,NA,41.45,23,16,19.5,7,90
2024-03-10,"Kigali","Rwanda",NA,NA,43.06,22,17,19.5,5,90
2024-03-11,"Kigali","Rwanda",NA,NA,44.06,22,16,19,6,90
2024-03-12,"Kigali","Rwanda",NA,NA,44.43,24,16,20,8,87
2024-03-13,"Kigali","Rwanda",NA,NA,43.92,25,16,20.5,9,85
2024-03-14,"Kigali","Rwanda",NA,NA,34.02,25,16,20.5,9,84
2024-03-15,"Kigali","Rwanda",NA,NA,44.22,25,17,21,8,80
2024-03-16,"Kigali","Rwanda",NA,NA,47.08,25,16,20.5,9,86
2024-03-17,"Kigali","Rwanda",NA,NA,48.12,26,16,21,10,89
2024-03-18,"Kigali","Rwanda",NA,NA,47.82,26,17,21.5,9,84
2024-03-19,"Kigali","Rwanda",NA,NA,38.18,25,17,21,8,85
2024-03-20,"Kigali","Rwanda",NA,NA,30.08,23,17,20,6,88
2024-03-21,"Kigali","Rwanda",NA,NA,31.02,24,17,20.5,7,89
2024-03-22,"Kigali","Rwanda",NA,NA,42.57,24,17,20.5,7,88
2024-03-23,"Kigali","Rwanda",NA,NA,41.8,23,16,19.5,7,87
2024-03-24,"Kigali","Rwanda",NA,NA,47.75,23,17,20,6,93
2024-03-25,"Kigali","Rwanda",NA,NA,38.62,22,16,19,6,93
2024-03-26,"Kigali","Rwanda",NA,NA,36.72,23,17,20,6,92
2024-03-27,"Kigali","Rwanda",NA,NA,51.9,23,16,19.5,7,91
2024-03-28,"Kigali","Rwanda",NA,NA,56.25,22,16,19,6,90
2024-03-29,"Kigali","Rwanda",NA,NA,55.55,23,17,20,6,91
2024-03-30,"Kigali","Rwanda",NA,NA,43.17,23,17,20,6,90
2024-03-31,"Kigali","Rwanda",NA,NA,27.58,22,17,19.5,5,90
2024-04-01,"Kigali","Rwanda",NA,NA,44.02,21,16,18.5,5,92
2024-04-02,"Kigali","Rwanda",NA,NA,45.94,22,16,19,6,91
2024-04-03,"Kigali","Rwanda",NA,NA,16.5,19,16,17.5,3,97
2024-04-04,"Kigali","Rwanda",NA,NA,34.51,21,16,18.5,5,93
2024-04-05,"Kigali","Rwanda",NA,NA,26.28,22,15,18.5,7,88
2024-04-06,"Kigali","Rwanda",NA,NA,37.07,21,16,18.5,5,91
2024-04-07,"Kigali","Rwanda",NA,NA,33.72,22,17,19.5,5,92
2024-04-08,"Kigali","Rwanda",NA,NA,36.2,22,16,19,6,91
2024-04-09,"Kigali","Rwanda",NA,NA,38.3,23,16,19.5,7,91
2024-04-10,"Kigali","Rwanda",NA,NA,35.18,21,17,19,4,92
2024-04-11,"Kigali","Rwanda",NA,NA,48.84,22,16,19,6,90
2024-04-12,"Kigali","Rwanda",NA,NA,42.88,24,17,20.5,7,89
2024-04-13,"Kigali","Rwanda",NA,NA,39.7,23,16,19.5,7,89
2024-04-14,"Kigali","Rwanda",NA,NA,41.94,24,16,20,8,90
2024-04-15,"Kigali","Rwanda",NA,NA,37.38,22,16,19,6,90
2024-04-16,"Kigali","Rwanda",NA,NA,14.8,24,15,19.5,9,89
2024-04-17,"Kigali","Rwanda",NA,NA,23.75,22,17,19.5,5,90
2024-04-18,"Kigali","Rwanda",NA,NA,33.06,23,17,20,6,92
2024-04-19,"Kigali","Rwanda",NA,NA,29.21,24,16,20,8,91
2024-04-20,"Kigali","Rwanda",NA,NA,21.18,22,16,19,6,92
2024-04-21,"Kigali","Rwanda",NA,NA,22.69,22,17,19.5,5,90
2024-04-22,"Kigali","Rwanda",NA,NA,23.31,25,17,21,8,88
2024-04-23,"Kigali","Rwanda",NA,NA,27.54,22,17,19.5,5,92
2024-04-24,"Kigali","Rwanda",NA,NA,26.44,19,18,18.5,1,94
2024-04-25,"Kigali","Rwanda",NA,NA,53.43,21,17,19,4,94
2024-04-26,"Kigali",NA,NA,NA,39.6181637717122,20,17,18.5,3,95
2024-04-27,"Kigali",NA,NA,NA,39.6181637717122,24,16,20,8,92
2024-04-28,"Kigali",NA,NA,NA,39.6181637717122,23,16,19.5,7,90
2024-04-29,"Kigali",NA,NA,NA,39.6181637717122,23,16,19.5,7,90
2024-04-30,"Kigali",NA,NA,NA,39.6181637717122,23,16,19.5,7,92
2024-05-01,"Kigali",NA,NA,NA,39.6181637717122,22,17,19.5,5,93
2024-05-02,"Kigali",NA,NA,NA,39.6181637717122,22,17,19.5,5,92
2024-05-03,"Kigali",NA,NA,NA,39.6181637717122,19,17,18,2,95
2024-05-04,"Kigali",NA,NA,NA,39.6181637717122,20,17,18.5,3,93
2024-05-05,"Kigali",NA,NA,NA,39.6181637717122,22,17,19.5,5,91
2024-05-06,"Kigali","Rwanda",NA,NA,29.82,22,17,19.5,5,92
2024-05-07,"Kigali","Rwanda",NA,NA,30.35,23,17,20,6,90
2024-05-08,"Kigali","Rwanda",NA,NA,29.5,22,17,19.5,5,91
2024-05-09,"Kigali","Rwanda",NA,NA,20.64,22,17,19.5,5,92
2024-05-10,"Kigali","Rwanda",NA,NA,18.84,22,17,19.5,5,92
2024-05-11,"Kigali","Rwanda",NA,NA,30.38,22,17,19.5,5,91
2024-05-12,"Kigali","Rwanda",NA,NA,27.95,25,16,20.5,9,90
2024-05-13,"Kigali","Rwanda",NA,NA,32.9,26,17,21.5,9,87
2024-05-14,"Kigali","Rwanda",NA,NA,63.95,23,17,20,6,89
2024-05-15,"Kigali",NA,NA,NA,39.6181637717122,23,16,19.5,7,91
2024-05-16,"Kigali",NA,NA,NA,39.6181637717122,22,16,19,6,89
2024-05-17,"Kigali",NA,NA,NA,39.6181637717122,23,16,19.5,7,90
2024-05-18,"Kigali",NA,NA,NA,39.6181637717122,23,16,19.5,7,91
2024-05-19,"Kigali",NA,NA,NA,39.6181637717122,23,17,20,6,92
2024-05-20,"Kigali",NA,NA,NA,39.6181637717122,23,17,20,6,89
2024-05-21,"Kigali",NA,NA,NA,39.6181637717122,22,16,19,6,90
2024-05-22,"Kigali",NA,NA,NA,39.6181637717122,22,17,19.5,5,88
2024-05-23,"Kigali",NA,NA,NA,39.6181637717122,23,16,19.5,7,90
2024-05-24,"Kigali",NA,NA,NA,39.6181637717122,22,16,19,6,85
2024-05-25,"Kigali",NA,NA,NA,39.6181637717122,23,16,19.5,7,87
2024-05-26,"Kigali",NA,NA,NA,39.6181637717122,22,16,19,6,87
2024-05-27,"Kigali",NA,NA,NA,39.6181637717122,23,16,19.5,7,90
2024-05-28,"Kigali",NA,NA,NA,39.6181637717122,24,16,20,8,88
2024-05-29,"Kigali",NA,NA,NA,39.6181637717122,23,16,19.5,7,87
2024-05-30,"Kigali",NA,NA,NA,39.6181637717122,23,16,19.5,7,89
2024-05-31,"Kigali",NA,NA,NA,39.6181637717122,23,16,19.5,7,86
2024-06-01,"Kigali",NA,NA,NA,39.6181637717122,24,16,20,8,85
2024-06-02,"Kigali",NA,NA,NA,39.6181637717122,23,16,19.5,7,88
2024-06-03,"Kigali",NA,NA,NA,39.6181637717122,23,17,20,6,82
2024-06-04,"Kigali",NA,NA,NA,39.6181637717122,24,17,20.5,7,85
2024-06-05,"Kigali",NA,NA,NA,39.6181637717122,25,16,20.5,9,85
2024-06-06,"Kigali",NA,NA,NA,39.6181637717122,23,16,19.5,7,87
2024-06-07,"Kigali",NA,NA,NA,39.6181637717122,24,16,20,8,81
2024-06-08,"Kigali",NA,NA,NA,39.6181637717122,24,16,20,8,81
2024-06-09,"Kigali",NA,NA,NA,39.6181637717122,24,15,19.5,9,76
2024-06-10,"Kigali",NA,NA,NA,39.6181637717122,24,15,19.5,9,74
2024-06-11,"Kigali",NA,NA,NA,39.6181637717122,21,15,18,6,81
2024-06-12,"Kigali",NA,NA,NA,39.6181637717122,21,15,18,6,85
2024-06-13,"Kigali",NA,NA,NA,39.6181637717122,23,15,19,8,83
2024-06-14,"Kigali",NA,NA,NA,39.6181637717122,23,16,19.5,7,86
2024-06-15,"Kigali",NA,NA,NA,39.6181637717122,23,16,19.5,7,80
2024-06-16,"Kigali",NA,NA,NA,39.6181637717122,23,16,19.5,7,83
2024-06-17,"Kigali",NA,NA,NA,39.6181637717122,21,16,18.5,5,83
2024-06-18,"Kigali",NA,NA,NA,39.6181637717122,24,15,19.5,9,84
2024-06-19,"Kigali",NA,NA,NA,39.6181637717122,24,15,19.5,9,80
2024-06-20,"Kigali",NA,NA,NA,39.6181637717122,24,16,20,8,75
2024-06-21,"Kigali",NA,NA,NA,39.6181637717122,24,17,20.5,7,83
2024-06-22,"Kigali",NA,NA,NA,39.6181637717122,24,16,20,8,82
2024-06-23,"Kigali",NA,NA,NA,39.6181637717122,24,16,20,8,79
2024-06-24,"Kigali",NA,NA,NA,39.6181637717122,24,15,19.5,9,78
2024-06-25,"Kigali",NA,NA,NA,39.6181637717122,24,15,19.5,9,76
2024-06-26,"Kigali",NA,NA,NA,39.6181637717122,24,14,19,10,69
2024-06-27,"Kigali",NA,NA,NA,39.6181637717122,24,14,19,10,71
2024-06-28,"Kigali",NA,NA,NA,39.6181637717122,24,15,19.5,9,72
2024-06-29,"Kigali",NA,NA,NA,39.6181637717122,24,15,19.5,9,75
2024-06-30,"Kigali",NA,NA,NA,39.6181637717122,23,16,19.5,7,78
2024-07-01,"Kigali",NA,NA,NA,39.6181637717122,25,15,20,10,75
2024-07-02,"Kigali",NA,NA,NA,39.6181637717122,24,16,20,8,65
2024-07-03,"Kigali",NA,NA,NA,39.6181637717122,25,16,20.5,9,66
2024-07-04,"Kigali",NA,NA,NA,39.6181637717122,25,16,20.5,9,70
2024-07-05,"Kigali",NA,NA,NA,39.6181637717122,25,17,21,8,66
2024-07-06,"Kigali",NA,NA,NA,39.6181637717122,23,17,20,6,75
2024-07-07,"Kigali",NA,NA,NA,39.6181637717122,23,16,19.5,7,74
2024-07-08,"Kigali",NA,NA,NA,39.6181637717122,24,17,20.5,7,75
2024-07-09,"Kigali",NA,NA,NA,39.6181637717122,24,17,20.5,7,82
2024-07-10,"Kigali",NA,NA,NA,39.6181637717122,24,17,20.5,7,78
2024-07-11,"Kigali",NA,NA,NA,39.6181637717122,25,16,20.5,9,74
2024-07-12,"Kigali",NA,NA,NA,39.6181637717122,24,16,20,8,69
2024-07-13,"Kigali",NA,NA,NA,39.6181637717122,25,16,20.5,9,70
2024-07-14,"Kigali",NA,NA,NA,39.6181637717122,25,16,20.5,9,67
2024-07-15,"Kigali",NA,NA,NA,39.6181637717122,24,17,20.5,7,70
2024-07-16,"Kigali",NA,NA,NA,39.6181637717122,25,18,21.5,7,69
2024-07-17,"Kigali",NA,NA,NA,39.6181637717122,25,18,21.5,7,67
2024-07-18,"Kigali",NA,NA,NA,39.6181637717122,26,18,22,8,66
2024-07-19,"Kigali",NA,NA,NA,39.6181637717122,26,18,22,8,61
2024-07-20,"Kigali",NA,NA,NA,39.6181637717122,26,18,22,8,60
2024-07-21,"Kigali",NA,NA,NA,39.6181637717122,25,18,21.5,7,69
2024-07-22,"Kigali",NA,NA,NA,39.6181637717122,23,17,20,6,79
2024-07-23,"Kigali",NA,NA,NA,39.6181637717122,25,16,20.5,9,77
2024-07-24,"Kigali",NA,NA,NA,39.6181637717122,24,15,19.5,9,63
2024-07-25,"Kigali",NA,NA,NA,39.6181637717122,24,16,20,8,74
2024-07-26,"Kigali",NA,NA,NA,39.6181637717122,25,16,20.5,9,74
2024-07-27,"Kigali",NA,NA,NA,39.6181637717122,26,18,22,8,61
2024-07-28,"Kigali",NA,NA,NA,39.6181637717122,27,17,22,10,56
2024-07-29,"Kigali",NA,NA,NA,39.6181637717122,26,17,21.5,9,62
2024-07-30,"Kigali",NA,NA,NA,39.6181637717122,26,18,22,8,54
2024-07-31,"Kigali",NA,NA,NA,39.6181637717122,26,17,21.5,9,57
2024-08-01,"Kigali",NA,NA,NA,39.6181637717122,27,17,22,10,51
2024-08-02,"Kigali",NA,NA,NA,39.6181637717122,26,16,21,10,55
2024-08-03,"Kigali",NA,NA,NA,39.6181637717122,26,17,21.5,9,57
2024-08-04,"Kigali",NA,NA,NA,39.6181637717122,26,16,21,10,56
2024-08-05,"Kigali",NA,NA,NA,39.6181637717122,26,17,21.5,9,56
2024-08-06,"Kigali",NA,NA,NA,39.6181637717122,27,16,21.5,11,57
2024-08-07,"Kigali",NA,NA,NA,39.6181637717122,26,17,21.5,9,52
2024-08-08,"Kigali",NA,NA,NA,39.6181637717122,27,17,22,10,45
2024-08-09,"Kigali",NA,NA,NA,39.6181637717122,26,18,22,8,49
2024-08-10,"Kigali",NA,NA,NA,39.6181637717122,25,19,22,6,59
2024-08-11,"Kigali",NA,NA,NA,39.6181637717122,25,19,22,6,61
2024-08-12,"Kigali",NA,NA,NA,39.6181637717122,26,17,21.5,9,63
2024-08-13,"Kigali",NA,NA,NA,39.6181637717122,27,19,23,8,60
2024-08-14,"Kigali",NA,NA,NA,39.6181637717122,25,19,22,6,58
2024-08-15,"Kigali",NA,NA,NA,39.6181637717122,25,17,21,8,71
2024-08-16,"Kigali",NA,NA,NA,39.6181637717122,25,17,21,8,69
2024-08-17,"Kigali",NA,NA,NA,39.6181637717122,24,17,20.5,7,70
2024-08-18,"Kigali",NA,NA,NA,39.6181637717122,25,17,21,8,70
2024-08-19,"Kigali",NA,NA,NA,39.6181637717122,27,17,22,10,69
2024-08-20,"Kigali",NA,NA,NA,39.6181637717122,24,17,20.5,7,60
2024-08-21,"Kigali",NA,NA,NA,39.6181637717122,24,18,21,6,64
2024-08-22,"Kigali",NA,NA,NA,39.6181637717122,25,18,21.5,7,62
2024-08-23,"Kigali",NA,NA,NA,39.6181637717122,24,17,20.5,7,73
2024-08-24,"Kigali",NA,NA,NA,39.6181637717122,25,19,22,6,61
2024-08-25,"Kigali",NA,NA,NA,39.6181637717122,24,18,21,6,66
2024-08-26,"Kigali",NA,NA,NA,39.6181637717122,25,18,21.5,7,61
2024-08-27,"Kigali",NA,NA,NA,39.6181637717122,25,18,21.5,7,60
2024-08-28,"Kigali",NA,NA,NA,39.6181637717122,25,17,21,8,75
2024-08-29,"Kigali",NA,NA,NA,39.6181637717122,26,17,21.5,9,84
2024-08-30,"Kigali",NA,NA,NA,39.6181637717122,25,17,21,8,84
2024-08-31,"Kigali",NA,NA,NA,39.6181637717122,26,16,21,10,79
2024-09-01,"Kigali",NA,NA,NA,39.6181637717122,25,18,21.5,7,68
2024-09-02,"Kigali",NA,NA,NA,39.6181637717122,24,18,21,6,60
2024-09-03,"Kigali",NA,NA,NA,39.6181637717122,25,18,21.5,7,71
2024-09-04,"Kigali","Rwanda",NA,NA,67.86,23,18,20.5,5,69
2024-09-05,"Kigali","Rwanda",NA,NA,55.4,25,17,21,8,67
2024-09-06,"Kigali","Rwanda",NA,NA,44.99,23,17,20,6,78
2024-09-07,"Kigali","Rwanda",NA,NA,39.4,24,17,20.5,7,73
2024-09-08,"Kigali","Rwanda",NA,NA,40.02,25,17,21,8,73
2024-09-09,"Kigali","Rwanda",NA,NA,34.41,27,17,22,10,68
2024-09-10,"Kigali","Rwanda",NA,NA,36.22,27,18,22.5,9,64
2024-09-11,"Kigali","Rwanda",NA,NA,42.03,27,18,22.5,9,68
2024-09-12,"Kigali","Rwanda",NA,NA,43.12,28,18,23,10,62
2024-09-13,"Kigali","Rwanda",NA,NA,60.62,29,17,23,12,53
2024-09-14,"Kigali","Rwanda",NA,NA,46.95,28,18,23,10,55
2024-09-15,"Kigali","Rwanda",NA,NA,49.45,28,17,22.5,11,61
2024-09-16,"Kigali","Rwanda",NA,NA,54.52,28,18,23,10,51
2024-09-17,"Kigali","Rwanda",NA,NA,57.36,27,18,22.5,9,56
2024-09-18,"Kigali","Rwanda",NA,NA,37.45,25,18,21.5,7,57
2024-09-19,"Kigali","Rwanda",NA,NA,27.64,25,18,21.5,7,70
2024-09-20,"Kigali","Rwanda",NA,NA,31.15,24,18,21,6,72
2024-09-21,"Kigali","Rwanda",NA,NA,28.24,24,16,20,8,80
2024-09-22,"Kigali","Rwanda",NA,NA,33.13,23,16,19.5,7,86
2024-09-23,"Kigali","Rwanda",NA,NA,43.42,24,17,20.5,7,83
2024-09-24,"Kigali","Rwanda",NA,NA,55.62,26,17,21.5,9,61
2024-09-25,"Kigali","Rwanda",NA,NA,48.52,26,17,21.5,9,69
2024-09-26,"Kigali","Rwanda",NA,NA,40.84,24,17,20.5,7,72
2024-09-27,"Kigali","Rwanda",NA,NA,38.17,25,17,21,8,74
2024-09-28,"Kigali",NA,NA,NA,39.6181637717122,27,18,22.5,9,64
2024-09-29,"Kigali",NA,NA,NA,39.6181637717122,25,17,21,8,84
2024-09-30,"Kigali",NA,NA,NA,39.6181637717122,24,17,20.5,7,80
2024-10-01,"Kigali",NA,NA,NA,39.6181637717122,25,17,21,8,85
2024-10-02,"Kigali",NA,NA,NA,39.6181637717122,25,17,21,8,82
2024-10-03,"Kigali",NA,NA,NA,39.6181637717122,24,17,20.5,7,85
2024-10-04,"Kigali",NA,NA,NA,39.6181637717122,26,18,22,8,60
2024-10-05,"Kigali",NA,NA,NA,39.6181637717122,23,17,20,6,68
2024-10-06,"Kigali",NA,NA,NA,39.6181637717122,23,16,19.5,7,78
2024-10-07,"Kigali",NA,NA,NA,39.6181637717122,23,17,20,6,83
2024-10-08,"Kigali",NA,NA,NA,39.6181637717122,22,17,19.5,5,89
2024-10-09,"Kigali","Rwanda",NA,NA,26.93,23,15,19,8,90
2024-10-10,"Kigali","Rwanda",NA,NA,31.15,22,16,19,6,90
2024-10-11,"Kigali","Rwanda",NA,NA,27.75,22,16,19,6,85
2024-10-12,"Kigali","Rwanda",NA,NA,39.12,22,16,19,6,88
2024-10-13,"Kigali","Rwanda",NA,NA,41.53,25,15,20,10,84
2024-10-14,"Kigali","Rwanda",NA,NA,24.87,25,16,20.5,9,78
2024-10-15,"Kigali","Rwanda",NA,NA,25.24,24,16,20,8,84
2024-10-16,"Kigali","Rwanda",NA,NA,34.38,24,16,20,8,85
2024-10-17,"Kigali","Rwanda",NA,NA,38.87,24,17,20.5,7,85
2024-10-18,"Kigali","Rwanda",NA,NA,29.63,22,17,19.5,5,88
2024-10-19,"Kigali","Rwanda",NA,NA,35.42,23,17,20,6,89
2024-10-20,"Kigali","Rwanda",NA,NA,21.69,24,17,20.5,7,88
2024-10-21,"Kigali","Rwanda",NA,NA,28.51,22,16,19,6,90
2024-10-22,"Kigali","Rwanda",NA,NA,30.32,23,16,19.5,7,89
2024-10-23,"Kigali","Rwanda",NA,NA,29.5,24,16,20,8,88
2024-10-24,"Kigali","Rwanda",NA,NA,28.29,24,16,20,8,87
2024-10-25,"Kigali","Rwanda",NA,NA,30.85,24,17,20.5,7,84
2024-10-26,"Kigali","Rwanda",NA,NA,27.42,24,16,20,8,84
2024-10-27,"Kigali","Rwanda",NA,NA,21.3,23,16,19.5,7,87
2024-10-28,"Kigali","Rwanda",NA,NA,21.22,22,16,19,6,89
2024-10-29,"Kigali","Rwanda",NA,NA,23.9,24,17,20.5,7,86
2024-10-30,"Kigali","Rwanda",NA,NA,26.97,24,17,20.5,7,86
2024-10-31,"Kigali","Rwanda",NA,NA,31.8,24,17,20.5,7,84
2024-11-01,"Kigali","Rwanda",NA,NA,30.4,25,16,20.5,9,83
2024-11-02,"Kigali","Rwanda",NA,NA,36.53,24,16,20,8,84
2024-11-03,"Kigali","Rwanda",NA,NA,27.78,24,15,19.5,9,83
2024-11-04,"Kigali","Rwanda",NA,NA,28,24,16,20,8,77
2024-11-05,"Kigali","Rwanda",NA,NA,27.36,23,16,19.5,7,85
2024-11-06,"Kigali","Rwanda",NA,NA,25.54,22,16,19,6,88
2024-11-07,"Kigali","Rwanda",NA,NA,26.86,21,16,18.5,5,90
2024-11-08,"Kigali","Rwanda",NA,NA,30,20,16,18,4,89
2024-11-09,"Kigali","Rwanda",NA,NA,26.58,23,16,19.5,7,83
2024-11-10,"Kigali","Rwanda",NA,NA,24.35,23,17,20,6,72
2024-11-11,"Kigali","Rwanda",NA,NA,22.61,22,16,19,6,84
2024-11-12,"Kigali","Rwanda",NA,NA,18.95,22,15,18.5,7,86
2024-11-13,"Kigali","Rwanda",NA,NA,31.93,22,16,19,6,85
2024-11-14,"Kigali","Rwanda",NA,NA,30.33,24,16,20,8,85
2024-11-15,"Kigali","Rwanda",NA,NA,29.65,23,16,19.5,7,85
2024-11-16,"Kigali","Rwanda",NA,NA,23.88,23,16,19.5,7,87
2024-11-17,"Kigali","Rwanda",NA,NA,23.64,21,16,18.5,5,90
2024-11-18,"Kigali","Rwanda",NA,NA,32.58,22,15,18.5,7,87
2024-11-19,"Kigali","Rwanda",NA,NA,30.45,22,15,18.5,7,87
2024-11-20,"Kigali","Rwanda",NA,NA,27.75,23,16,19.5,7,87
2024-11-21,"Kigali","Rwanda",NA,NA,23.12,22,16,19,6,91
2024-11-22,"Kigali","Rwanda",NA,NA,19.68,17,16,16.5,1,96
2024-11-23,"Kigali","Rwanda",NA,NA,27.41,19,16,17.5,3,96
2024-11-24,"Kigali","Rwanda",NA,NA,20.82,21,16,18.5,5,93
2024-11-25,"Kigali","Rwanda",NA,NA,13,18,16,17,2,96
2024-11-26,"Kigali","Rwanda",NA,NA,24.19,22,15,18.5,7,89
2024-11-27,"Kigali","Rwanda",NA,NA,17.41,21,16,18.5,5,92
2024-11-28,"Kigali","Rwanda",NA,NA,30.4,21,16,18.5,5,92
2024-11-29,"Kigali","Rwanda",NA,NA,33.33,19,16,17.5,3,96
2024-11-30,"Kigali","Rwanda",NA,NA,20.95,21,15,18,6,90
2024-12-01,"Kigali","Rwanda",NA,NA,19.21,21,16,18.5,5,88
2024-12-02,"Kigali","Rwanda",NA,NA,38.26,22,17,19.5,5,88
2024-12-03,"Kigali","Rwanda",NA,NA,35.45,21,17,19,4,90
2024-12-04,"Kigali","Rwanda",NA,NA,37.18,21,16,18.5,5,91
2024-12-05,"Kigali","Rwanda",NA,NA,43.51,21,16,18.5,5,87
2024-12-06,"Kigali","Rwanda",NA,NA,50.24,22,15,18.5,7,89
2024-12-07,"Kigali","Rwanda",NA,NA,43.2,21,15,18,6,91
2024-12-08,"Kigali","Rwanda",NA,NA,44.04,23,15,19,8,86
2024-12-09,"Kigali","Rwanda",NA,NA,39.15,22,15,18.5,7,79
2024-12-10,"Kigali","Rwanda",NA,NA,41,23,16,19.5,7,78
2024-12-11,"Kigali","Rwanda",NA,NA,40.88,22,16,19,6,87
2024-12-12,"Kigali","Rwanda",NA,NA,40.28,23,16,19.5,7,88
2024-12-13,"Kigali","Rwanda",NA,NA,38.45,22,16,19,6,92
2024-12-14,"Kigali","Rwanda",NA,NA,40.13,22,16,19,6,87
2024-12-15,"Kigali","Rwanda",NA,NA,44.09,22,15,18.5,7,86
2024-12-16,"Kigali","Rwanda",NA,NA,40.8,22,16,19,6,86
2024-12-17,"Kigali","Rwanda",NA,NA,39.07,22,16,19,6,89
2024-12-18,"Kigali","Rwanda",NA,NA,37.53,23,16,19.5,7,87
2024-12-19,"Kigali","Rwanda",NA,NA,33.08,22,16,19,6,88
2024-12-20,"Kigali","Rwanda",NA,NA,39.04,22,16,19,6,89
2024-12-21,"Kigali","Rwanda",NA,NA,36.44,21,17,19,4,95
2024-12-22,"Kigali","Rwanda",NA,NA,34.95,23,17,20,6,89
2024-12-23,"Kigali","Rwanda",NA,NA,17.86,22,17,19.5,5,92
2024-12-24,"Kigali","Rwanda",NA,NA,27.95,22,17,19.5,5,92
2024-12-25,"Kigali","Rwanda",NA,NA,28,22,16,19,6,90
2024-12-26,"Kigali","Rwanda",NA,NA,21.59,21,16,18.5,5,92
2024-12-27,"Kigali","Rwanda",NA,NA,23.65,23,16,19.5,7,92
2024-12-28,"Kigali","Rwanda",NA,NA,31.03,24,15,19.5,9,88
2024-12-29,"Kigali","Rwanda",NA,NA,31.97,24,15,19.5,9,80
2024-12-30,"Kigali","Rwanda",NA,NA,48.4,24,16,20,8,75
2024-12-31,"Kigali","Rwanda",NA,NA,64.99,25,15,20,10,72
2025-01-01,"Kigali","Rwanda",NA,NA,74.96,23,16,19.5,7,66
2025-01-02,"Kigali","Rwanda",NA,NA,61.54,22,16,19,6,75
2025-01-03,"Kigali","Rwanda",NA,NA,45.48,23,16,19.5,7,77
2025-01-04,"Kigali","Rwanda",NA,NA,44,22,16,19,6,81
2025-01-05,"Kigali","Rwanda",NA,NA,49.12,24,16,20,8,78
2025-01-06,"Kigali","Rwanda",NA,NA,43.24,24,16,20,8,79
2025-01-07,"Kigali","Rwanda",NA,NA,27.4,22,15,18.5,7,86
2025-01-08,"Kigali","Rwanda",NA,NA,36,22,15,18.5,7,85
2025-01-09,"Kigali","Rwanda",NA,NA,58.57,24,15,19.5,9,89
2025-01-10,"Kigali","Rwanda",NA,NA,75.22,24,16,20,8,78
2025-01-11,"Kigali","Rwanda",NA,NA,66.1,22,16,19,6,85
2025-01-12,"Kigali","Rwanda",NA,NA,51.75,22,16,19,6,80
2025-01-13,"Kigali","Rwanda",NA,NA,50.94,25,16,20.5,9,77
2025-01-14,"Kigali","Rwanda",NA,NA,66.38,24,17,20.5,7,75
2025-01-15,"Kigali","Rwanda",NA,NA,45.31,25,17,21,8,73
2025-01-16,"Kigali","Rwanda",NA,NA,35.5,24,16,20,8,67
2025-01-17,"Kigali","Rwanda",NA,NA,28.59,25,16,20.5,9,69
2025-01-18,"Kigali","Rwanda",NA,NA,39.68,23,16,19.5,7,78
2025-01-19,"Kigali","Rwanda",NA,NA,40.05,23,17,20,6,77
2025-01-20,"Kigali","Rwanda",NA,NA,51.32,23,15,19,8,87
2025-01-21,"Kigali","Rwanda",NA,NA,60.65,24,15,19.5,9,88
2025-01-22,"Kigali","Rwanda",NA,NA,57.63,22,15,18.5,7,86
2025-01-23,"Kigali","Rwanda",NA,NA,55.18,23,15,19,8,89
2025-01-24,"Kigali","Rwanda",NA,NA,43.07,23,16,19.5,7,90
2025-01-25,"Kigali","Rwanda",NA,NA,44.1,23,16,19.5,7,87
2025-01-26,"Kigali","Rwanda",NA,NA,53.26,22,16,19,6,90
2025-01-27,"Kigali","Rwanda",NA,NA,61.05,23,16,19.5,7,85
2025-01-28,"Kigali","Rwanda",NA,NA,61.55,25,16,20.5,9,77
2025-01-29,"Kigali","Rwanda",NA,NA,74.67,24,17,20.5,7,79
2025-01-30,"Kigali","Rwanda",NA,NA,76,22,16,19,6,81
2025-01-31,"Kigali","Rwanda",NA,NA,69.23,24,17,20.5,7,78
2025-02-01,"Kigali","Rwanda",NA,NA,59.01,29,14,21.5,15,89
2025-02-02,"Kigali","Rwanda",NA,NA,71.01,29,16,22.5,13,85
2025-02-03,"Kigali","Rwanda",NA,NA,59.42,29,17,23,12,87
2025-02-04,"Kigali","Rwanda",NA,NA,81.27,30,16,23,14,89
2025-02-05,"Kigali","Rwanda",NA,NA,82.67,28,15,21.5,13,91
2025-02-06,"Kigali","Rwanda",NA,NA,67.43,30,15,22.5,15,88
2025-02-07,"Kigali","Rwanda",NA,NA,64.74,29,16,22.5,13,90
2025-02-08,"Kigali","Rwanda",NA,NA,51.05,26,15,20.5,11,96
2025-02-09,"Kigali","Rwanda",NA,NA,37.31,29,15,22,14,95
2025-02-10,"Kigali","Rwanda",NA,NA,24.99,31,16,23.5,15,86
2025-02-11,"Kigali","Rwanda",NA,NA,31.68,28,15,21.5,13,92
2025-02-12,"Kigali","Rwanda",NA,NA,39.03,29,15,22,14,95
2025-02-13,"Kigali",NA,NA,NA,39.6181637717122,27,15,21,12,94
2025-02-14,"Kigali",NA,NA,NA,39.6181637717122,28,15,21.5,13,95
2025-02-15,"Kigali",NA,NA,NA,39.6181637717122,27,15,21,12,96
2025-02-16,"Kigali",NA,NA,NA,39.6181637717122,28,14,21,14,95
2025-02-17,"Kigali",NA,NA,NA,39.6181637717122,29,15,22,14,92
2025-02-18,"Kigali",NA,NA,NA,39.6181637717122,29,14,21.5,15,95
2025-02-19,"Kigali",NA,NA,NA,39.6181637717122,31,14,22.5,17,94
2025-02-20,"Kigali",NA,NA,NA,39.6181637717122,31,14,22.5,17,80
2025-02-21,"Kigali",NA,NA,NA,39.6181637717122,30,14,22,16,74
2025-02-22,"Kigali",NA,NA,NA,39.6181637717122,31,15,23,16,71
2025-02-23,"Kigali",NA,NA,NA,39.6181637717122,30,15,22.5,15,88
2025-02-24,"Kigali",NA,NA,NA,39.6181637717122,30,15,22.5,15,88
2025-02-25,"Kigali",NA,NA,NA,39.6181637717122,31,14,22.5,17,86
2025-02-26,"Kigali",NA,NA,NA,39.6181637717122,31,16,23.5,15,73
2025-02-27,"Kigali",NA,NA,NA,39.6181637717122,31,15,23,16,69
2025-02-28,"Kigali",NA,NA,NA,39.6181637717122,33,14,23.5,19,62
2025-03-01,"Kigali",NA,NA,NA,39.6181637717122,31,15,23,16,74
2025-03-02,"Kigali",NA,NA,NA,39.6181637717122,29,16,22.5,13,73
2025-03-03,"Kigali",NA,NA,NA,39.6181637717122,29,16,22.5,13,79
2025-03-04,"Kigali",NA,NA,NA,39.6181637717122,29,15,22,14,91
2025-03-05,"Kigali",NA,NA,NA,39.6181637717122,28,15,21.5,13,96
2025-03-06,"Kigali",NA,NA,NA,39.6181637717122,31,16,23.5,15,93
2025-03-07,"Kigali",NA,NA,NA,39.6181637717122,31,16,23.5,15,75
2025-03-08,"Kigali",NA,NA,NA,39.6181637717122,28,15,21.5,13,94
2025-03-09,"Kigali",NA,NA,NA,39.6181637717122,30,14,22,16,96
2025-03-10,"Kigali",NA,NA,NA,39.6181637717122,26,16,21,10,94
2025-03-11,"Kigali",NA,NA,NA,39.6181637717122,26,16,21,10,96
2025-03-12,"Kigali",NA,NA,NA,39.6181637717122,25,15,20,10,96
2025-03-13,"Kigali",NA,NA,NA,39.6181637717122,25,16,20.5,9,95
2025-03-14,"Kigali",NA,NA,NA,39.6181637717122,27,14,20.5,13,95
2025-03-15,"Kigali",NA,NA,NA,39.6181637717122,28,15,21.5,13,93
2025-03-16,"Kigali",NA,NA,NA,39.6181637717122,25,16,20.5,9,96
2025-03-17,"Kigali",NA,NA,NA,39.6181637717122,26,15,20.5,11,99
2025-03-18,"Kigali",NA,NA,NA,39.6181637717122,27,15,21,12,97
2025-03-19,"Kigali",NA,NA,NA,39.6181637717122,24,15,19.5,9,98
2025-03-20,"Kigali",NA,NA,NA,39.6181637717122,22,15,18.5,7,97
2025-03-21,"Kigali",NA,NA,NA,39.6181637717122,25,15,20,10,97
2025-03-22,"Kigali",NA,NA,NA,39.6181637717122,26,15,20.5,11,97
2025-03-23,"Kigali",NA,NA,NA,39.6181637717122,27,15,21,12,96
2025-03-24,"Kigali",NA,NA,NA,39.6181637717122,24,16,20,8,97
2025-03-25,"Kigali",NA,NA,NA,39.6181637717122,25,15,20,10,97
2025-03-26,"Kigali",NA,NA,NA,39.6181637717122,28,15,21.5,13,95
2025-03-27,"Kigali",NA,NA,NA,39.6181637717122,29,16,22.5,13,96
2025-03-28,"Kigali",NA,NA,NA,39.6181637717122,23,16,19.5,7,98
2025-03-29,"Kigali",NA,NA,NA,39.6181637717122,21,16,18.5,5,98
2025-03-30,"Kigali",NA,NA,NA,39.6181637717122,26,15,20.5,11,97
2025-03-31,"Kigali",NA,NA,NA,39.6181637717122,22,16,19,6,97
2025-04-01,"Kigali",NA,NA,NA,39.6181637717122,24,15,19.5,9,97
2025-04-02,"Kigali",NA,NA,NA,39.6181637717122,26,13,19.5,13,96
2025-04-03,"Kigali",NA,NA,NA,39.6181637717122,25,15,20,10,97
2025-04-04,"Kigali",NA,NA,NA,39.6181637717122,27,15,21,12,96
2025-04-05,"Kigali",NA,NA,NA,39.6181637717122,26,16,21,10,97
2025-04-06,"Kigali",NA,NA,NA,39.6181637717122,22,17,19.5,5,98
2025-04-07,"Kigali",NA,NA,NA,39.6181637717122,22,16,19,6,99
2025-04-08,"Kigali",NA,NA,NA,39.6181637717122,24,15,19.5,9,97
2025-04-09,"Kigali",NA,NA,NA,39.6181637717122,26,14,20,12,97
2025-04-10,"Kigali",NA,NA,NA,39.6181637717122,26,15,20.5,11,96
2025-04-11,"Kigali",NA,NA,NA,39.6181637717122,26,15,20.5,11,96
2025-04-12,"Kigali",NA,NA,NA,39.6181637717122,24,16,20,8,98
2025-04-13,"Kigali",NA,NA,NA,39.6181637717122,22,16,19,6,98
2025-04-14,"Kigali",NA,NA,NA,39.6181637717122,23,15,19,8,98
2025-04-15,"Kigali",NA,NA,NA,39.6181637717122,23,16,19.5,7,96
2025-04-16,"Kigali","Rwanda",NA,NA,48,23,15,19,8,98
2025-04-17,"Kigali","Rwanda",NA,NA,36.55,25,15,20,10,97
2025-04-18,"Kigali","Rwanda",NA,NA,33.66,24,14,19,10,97
2025-04-19,"Kigali","Rwanda",NA,NA,36.4,24,14,19,10,98
2025-04-20,"Kigali","Rwanda",NA,NA,33.52,24,15,19.5,9,97
2025-04-21,"Kigali","Rwanda",NA,NA,35.1,25,15,20,10,99
2025-04-22,"Kigali","Rwanda",NA,NA,27.22,25,14,19.5,11,98
2025-04-23,"Kigali","Rwanda",NA,NA,24.38,22,15,18.5,7,97
2025-04-24,"Kigali","Rwanda",NA,NA,21.73,22,14,18,8,98
2025-04-25,"Kigali","Rwanda",NA,NA,36.32,24,14,19,10,97
2025-04-26,"Kigali","Rwanda",NA,NA,38.07,25,14,19.5,11,97
2025-04-27,"Kigali","Rwanda",NA,NA,34.68,26,14,20,12,97
2025-04-28,"Kigali","Rwanda",NA,NA,34.05,26,14,20,12,97
2025-04-29,"Kigali","Rwanda",NA,NA,34.19,25,14,19.5,11,97
2025-04-30,"Kigali","Rwanda",NA,NA,39.68,22,16,19,6,97
2025-05-01,"Kigali","Rwanda",NA,NA,42.14,25,16,20.5,9,98
2025-05-02,"Kigali","Rwanda",NA,NA,36.46,25,15,20,10,97
2025-05-03,"Kigali","Rwanda",NA,NA,43.32,26,15,20.5,11,96
2025-05-04,"Kigali","Rwanda",NA,NA,44.25,23,15,19,8,97
2025-05-05,"Kigali","Rwanda",NA,NA,40.18,21,16,18.5,5,98
2025-05-06,"Kigali","Rwanda",NA,NA,34.8,20,15,17.5,5,98
2025-05-07,"Kigali","Rwanda",NA,NA,22.16,22,16,19,6,97
2025-05-08,"Kigali","Rwanda",NA,NA,39.84,22,15,18.5,7,99
2025-05-09,"Kigali","Rwanda",NA,NA,37.01,23,16,19.5,7,98
2025-05-10,"Kigali","Rwanda",NA,NA,33.88,21,15,18,6,98
2025-05-11,"Kigali","Rwanda",NA,NA,37.73,22,15,18.5,7,98
2025-05-12,"Kigali","Rwanda",NA,NA,22.08,22,14,18,8,99
2025-05-13,"Kigali","Rwanda",NA,NA,29.14,22,15,18.5,7,98
2025-05-14,"Kigali","Rwanda",NA,NA,21.23,22,14,18,8,98
2025-05-15,"Kigali","Rwanda",NA,NA,37.23,22,14,18,8,98
2025-05-16,"Kigali","Rwanda",NA,NA,44.13,23,14,18.5,9,98
2025-05-17,"Kigali","Rwanda",NA,NA,44.19,24,14,19,10,98
2025-05-18,"Kigali","Rwanda",NA,NA,40.82,25,14,19.5,11,98
2025-05-19,"Kigali","Rwanda",NA,NA,38.96,24,14,19,10,96
2025-05-20,"Kigali","Rwanda",NA,NA,29.32,23,15,19,8,98
2025-05-21,"Kigali","Rwanda",NA,NA,26.89,23,15,19,8,97
2025-05-22,"Kigali","Rwanda",NA,NA,26.25,24,15,19.5,9,97
2025-05-23,"Kigali","Rwanda",NA,NA,32.36,21,15,18,6,97
2025-05-24,"Kigali","Rwanda",NA,NA,39.85,23,15,19,8,96
2025-05-25,"Kigali","Rwanda",NA,NA,47.26,22,14,18,8,98
2025-05-26,"Kigali","Rwanda",NA,NA,50.2,24,14,19,10,98
2025-05-27,"Kigali","Rwanda",NA,NA,40.17,22,14,18,8,97
2025-05-28,"Kigali","Rwanda",NA,NA,37.54,24,14,19,10,96
2025-05-29,"Kigali","Rwanda",NA,NA,41.46,23,13,18,10,97
2025-05-30,"Kigali","Rwanda",NA,NA,44.19,22,15,18.5,7,97
2025-05-31,"Kigali","Rwanda",NA,NA,48.68,24,13,18.5,11,97
2023-09-01,"Lima","Pérou",16.31,5.1,18.9690175438596,20,18,19,2,86
2023-09-02,"Lima","Pérou",18.23,6.07,18.9690175438596,21,18,19.5,3,86
2023-09-03,"Lima","Pérou",16.13,9.03,18.9690175438596,20,17,18.5,3,83
2023-09-04,"Lima","Pérou",14.91,10.33,18.9690175438596,20,17,18.5,3,85
2023-09-05,"Lima","Pérou",16,6.91,18.9690175438596,20,18,19,2,84
2023-09-06,"Lima","Pérou",16.73,6.75,18.9690175438596,20,18,19,2,85
2023-09-07,"Lima","Pérou",17.32,7.03,18.9690175438596,20,17,18.5,3,86
2023-09-08,"Lima","Pérou",16.6,7.69,18.9690175438596,21,17,19,4,85
2023-09-09,"Lima","Pérou",16.35,8.39,18.9690175438596,21,18,19.5,3,82
2023-09-10,"Lima","Pérou",15.58,6.95,18.9690175438596,21,18,19.5,3,81
2023-09-11,"Lima","Pérou",16.12,7.09,18.9690175438596,21,18,19.5,3,83
2023-09-12,"Lima","Pérou",16.07,0.76,18.9690175438596,20,17,18.5,3,83
2023-09-13,"Lima","Pérou",15.18,12.4286382113821,18.9690175438596,20,18,19,2,83
2023-09-14,"Lima","Pérou",16.98,8.75,18.9690175438596,20,18,19,2,85
2023-09-15,"Lima","Pérou",11.91,10.67,18.9690175438596,21,17,19,4,85
2023-09-16,"Lima","Pérou",12.59,7.12,18.9690175438596,21,17,19,4,86
2023-09-17,"Lima","Pérou",10.89,12.4286382113821,18.9690175438596,21,18,19.5,3,87
2023-09-18,"Lima","Pérou",11.68,12.4286382113821,18.9690175438596,20,17,18.5,3,86
2023-09-19,"Lima","Pérou",10.89,12.4286382113821,18.9690175438596,21,18,19.5,3,89
2023-09-20,"Lima","Pérou",12.21,9.98,18.9690175438596,21,18,19.5,3,87
2023-09-21,"Lima","Pérou",11.34,8.97,18.9690175438596,20,17,18.5,3,86
2023-09-22,"Lima","Pérou",11.75,9.14,18.9690175438596,20,17,18.5,3,84
2023-09-23,"Lima","Pérou",11.78,9.17,18.9690175438596,20,17,18.5,3,86
2023-09-24,"Lima","Pérou",9.81,7.73,18.9690175438596,20,18,19,2,87
2023-09-25,"Lima","Pérou",11.26,12.4286382113821,18.9690175438596,21,18,19.5,3,87
2023-09-26,"Lima","Pérou",11.3,12.4286382113821,18.9690175438596,20,17,18.5,3,88
2023-09-27,"Lima","Pérou",12.63,12.4286382113821,18.9690175438596,20,17,18.5,3,85
2023-09-28,"Lima","Pérou",13.02,12.4286382113821,18.9690175438596,20,17,18.5,3,87
2023-09-29,"Lima","Pérou",11.17,12.4286382113821,18.9690175438596,20,17,18.5,3,88
2023-09-30,"Lima","Pérou",12.15,12.4286382113821,18.9690175438596,20,17,18.5,3,89
2023-10-01,"Lima","Pérou",9.26,12.4286382113821,18.9690175438596,20,18,19,2,88
2023-10-02,"Lima","Pérou",10.24,12.4286382113821,18.9690175438596,20,17,18.5,3,87
2023-10-03,"Lima","Pérou",11.86,14.92,18.9690175438596,19,17,18,2,89
2023-10-04,"Lima","Pérou",11.83,9.69,18.9690175438596,20,17,18.5,3,89
2023-10-05,"Lima","Pérou",11.3,8.5,3,20,17,18.5,3,87
2023-10-06,"Lima","Pérou",13.5,14.63,10.76,20,17,18.5,3,87
2023-10-07,"Lima","Pérou",22.3113359528487,12.77,1.32,20,17,18.5,3,89
2023-10-08,"Lima","Pérou",22.3113359528487,7.86,1.21,20,17,18.5,3,88
2023-10-09,"Lima","Pérou",22.3113359528487,12.4286382113821,0.96,20,17,18.5,3,86
2023-10-10,"Lima","Pérou",10.08,13.65,2.58,20,17,18.5,3,86
2023-10-11,"Lima","Pérou",9.75,12.7,0.97,20,17,18.5,3,88
2023-10-12,"Lima","Pérou",8.48,8.05,38.35,20,17,18.5,3,85
2023-10-13,"Lima","Pérou",10.83,9.72,52.42,21,18,19.5,3,85
2023-10-14,"Lima","Pérou",9.59,10.34,5.15,20,18,19,2,85
2023-10-15,"Lima","Pérou",9,9.27,4.34,20,18,19,2,87
2023-10-16,"Lima","Pérou",8.75,9.55,3.97,21,18,19.5,3,85
2023-10-17,"Lima",NA,22.3113359528487,12.4286382113821,18.9690175438596,21,18,19.5,3,89
2023-10-18,"Lima",NA,22.3113359528487,12.4286382113821,18.9690175438596,21,18,19.5,3,89
2023-10-19,"Lima",NA,22.3113359528487,12.4286382113821,18.9690175438596,21,18,19.5,3,89
2023-10-20,"Lima",NA,22.3113359528487,12.4286382113821,18.9690175438596,21,18,19.5,3,88
2023-10-21,"Lima",NA,22.3113359528487,12.4286382113821,18.9690175438596,21,18,19.5,3,89
2023-10-22,"Lima",NA,22.3113359528487,12.4286382113821,18.9690175438596,21,18,19.5,3,88
2023-10-23,"Lima",NA,22.3113359528487,12.4286382113821,18.9690175438596,21,18,19.5,3,89
2023-10-24,"Lima",NA,22.3113359528487,12.4286382113821,18.9690175438596,21,18,19.5,3,90
2023-10-25,"Lima",NA,22.3113359528487,12.4286382113821,18.9690175438596,21,18,19.5,3,89
2023-10-26,"Lima","Pérou",8.21,12.4286382113821,12.39,21,18,19.5,3,85
2023-10-27,"Lima","Pérou",9.8,12.4286382113821,19.46,20,18,19,2,87
2023-10-28,"Lima","Pérou",9.59,12.4286382113821,15.58,21,18,19.5,3,86
2023-10-29,"Lima","Pérou",10.9,12.4286382113821,16.06,21,18,19.5,3,87
2023-10-30,"Lima","Pérou",9.09,9.54,16.12,21,18,19.5,3,90
2023-10-31,"Lima","Pérou",9.36,6.89,23.24,21,18,19.5,3,87
2023-11-01,"Lima","Pérou",10.41,6.34,22.61,21,18,19.5,3,85
2023-11-02,"Lima","Pérou",10.75,8.32,14.98,20,18,19,2,85
2023-11-03,"Lima","Pérou",24.33,11.7,15.13,21,18,19.5,3,82
2023-11-04,"Lima","Pérou",24.67,12.28,16.91,21,18,19.5,3,85
2023-11-05,"Lima","Pérou",22.94,12.48,14.87,20,18,19,2,85
2023-11-06,"Lima","Pérou",19.37,11.75,12.55,21,18,19.5,3,87
2023-11-07,"Lima","Pérou",21.88,12.4286382113821,12.78,21,17,19,4,85
2023-11-08,"Lima","Pérou",19.97,12.4286382113821,13.61,21,18,19.5,3,83
2023-11-09,"Lima","Pérou",20.86,12.4286382113821,13.66,21,18,19.5,3,84
2023-11-10,"Lima","Pérou",22.76,12.4286382113821,11.98,21,18,19.5,3,87
2023-11-11,"Lima","Pérou",23.27,12.4286382113821,10.22,21,18,19.5,3,87
2023-11-12,"Lima","Pérou",22.39,12.4286382113821,10.19,21,18,19.5,3,88
2023-11-13,"Lima","Pérou",19.85,12.4286382113821,11.4,21,18,19.5,3,89
2023-11-14,"Lima","Pérou",23.44,12.4286382113821,16.82,21,18,19.5,3,87
2023-11-15,"Lima","Pérou",24.36,10.4,10.23,21,18,19.5,3,85
2023-11-16,"Lima","Pérou",23.04,10.66,18.53,22,18,20,4,86
2023-11-17,"Lima","Pérou",22.26,11.01,17.89,21,18,19.5,3,88
2023-11-18,"Lima","Pérou",22.29,11.3,16.21,21,18,19.5,3,84
2023-11-19,"Lima","Pérou",21,11.76,13.91,21,18,19.5,3,86
2023-11-20,"Lima","Pérou",19.91,12.55,10.6,21,18,19.5,3,87
2023-11-21,"Lima","Pérou",24.27,11.29,12.14,21,18,19.5,3,85
2023-11-22,"Lima","Pérou",21.69,14.92,11.02,21,18,19.5,3,86
2023-11-23,"Lima","Pérou",23.92,10.25,14.27,22,18,20,4,85
2023-11-24,"Lima","Pérou",17.8,11.89,11.72,22,18,20,4,87
2023-11-25,"Lima","Pérou",21.84,10.12,13.08,21,19,20,2,87
2023-11-26,"Lima","Pérou",23.91,9.83,11.68,21,18,19.5,3,86
2023-11-27,"Lima","Pérou",21.47,16.31,12.12,21,18,19.5,3,85
2023-11-28,"Lima","Pérou",22.13,14.8,11.35,21,18,19.5,3,86
2023-11-29,"Lima","Pérou",21,16.13,10.9,21,18,19.5,3,87
2023-11-30,"Lima","Pérou",20.76,14.57,11.76,21,18,19.5,3,86
2023-12-01,"Lima","Pérou",21.17,12.82,9.76,21,19,20,2,85
2023-12-02,"Lima","Pérou",22.52,10.7,13.72,21,19,20,2,86
2023-12-03,"Lima","Pérou",21.56,9.44,15.42,22,19,20.5,3,86
2023-12-04,"Lima","Pérou",20.55,11.71,14.21,22,19,20.5,3,85
2023-12-05,"Lima","Pérou",22.26,14.45,19.61,22,19,20.5,3,86
2023-12-06,"Lima","Pérou",24.63,10.88,14.97,21,19,20,2,85
2023-12-07,"Lima","Pérou",23.01,8.09,15.86,21,19,20,2,87
2023-12-08,"Lima","Pérou",22.08,9.77,17.27,21,19,20,2,85
2023-12-09,"Lima","Pérou",19.22,13.51,15.33,21,19,20,2,87
2023-12-10,"Lima","Pérou",20.99,12.12,13.94,22,19,20.5,3,86
2023-12-11,"Lima","Pérou",23.11,12.34,22.5,22,19,20.5,3,85
2023-12-12,"Lima","Pérou",12.37,14.03,12.91,22,19,20.5,3,88
2023-12-13,"Lima","Pérou",15.61,14.07,17.12,22,19,20.5,3,88
2023-12-14,"Lima","Pérou",16.9,9.03,20.1,22,19,20.5,3,87
2023-12-15,"Lima","Pérou",16.4,11.73,11.97,22,19,20.5,3,87
2023-12-16,"Lima","Pérou",13.65,11.09,12,23,20,21.5,3,87
2023-12-17,"Lima","Pérou",13.56,11.18,10.46,22,20,21,2,85
2023-12-18,"Lima","Pérou",11.75,7.79,9.6,23,20,21.5,3,87
2023-12-19,"Lima","Pérou",0,8.77,18.9690175438596,23,20,21.5,3,88
2023-12-20,"Lima","Pérou",0,7.94,18.9690175438596,22,20,21,2,87
2023-12-21,"Lima","Pérou",0,6.37,18.9690175438596,22,20,21,2,86
2023-12-22,"Lima","Pérou",0,6.51,13.5,22,20,21,2,88
2023-12-23,"Lima","Pérou",0,9.48,9.45,23,20,21.5,3,86
2023-12-24,"Lima","Pérou",0,5.54,14.5,23,20,21.5,3,85
2023-12-25,"Lima","Pérou",0,8.44,13.09,23,20,21.5,3,88
2023-12-26,"Lima","Pérou",0,9.62,11.65,23,21,22,2,84
2023-12-27,"Lima","Pérou",0,10.12,11.6,23,21,22,2,84
2023-12-28,"Lima","Pérou",12.41,9.18,12.44,23,20,21.5,3,85
2023-12-29,"Lima","Pérou",14.62,5.98,13.07,24,20,22,4,88
2023-12-30,"Lima","Pérou",12.3,5.85,15.29,24,21,22.5,3,85
2023-12-31,"Lima","Pérou",11.35,7.62,14.94,24,21,22.5,3,85
2024-01-01,"Lima","Pérou",8.68,8.01,16.11,24,21,22.5,3,86
2024-01-02,"Lima","Pérou",10.76,7.43,12.57,23,21,22,2,87
2024-01-03,"Lima","Pérou",13.83,8.44,11.91,23,19,21,4,87
2024-01-04,"Lima","Pérou",16.05,7.13,14.49,24,21,22.5,3,86
2024-01-05,"Lima","Pérou",15.32,7.41,13.58,24,21,22.5,3,87
2024-01-06,"Lima","Pérou",11.18,8.32,11.24,24,21,22.5,3,88
2024-01-07,"Lima","Pérou",10.08,8.46,9.83,23,20,21.5,3,88
2024-01-08,"Lima","Pérou",11.86,9.03,12.19,24,22,23,2,84
2024-01-09,"Lima","Pérou",12.13,8.17,11.44,25,21,23,4,85
2024-01-10,"Lima","Pérou",12.38,8.78,10.99,25,22,23.5,3,87
2024-01-11,"Lima","Pérou",11.51,9.3,11.12,24,22,23,2,86
2024-01-12,"Lima","Pérou",13.79,7.41,12.84,22,22,22,0,86
2024-01-13,"Lima","Pérou",13.92,7.43,13.82,25,21,23,4,86
2024-01-14,"Lima","Pérou",10.17,7.71,13.25,24,21,22.5,3,87
2024-01-15,"Lima","Pérou",10.98,12.26,10.29,24,21,22.5,3,86
2024-01-16,"Lima","Pérou",12,9.79,13.12,25,22,23.5,3,87
2024-01-17,"Lima","Pérou",11.74,11.28,13.28,24,21,22.5,3,86
2024-01-18,"Lima","Pérou",12.97,9.8,14.89,23,21,22,2,86
2024-01-19,"Lima","Pérou",13.75,7.55,15.65,24,21,22.5,3,89
2024-01-20,"Lima","Pérou",13.7,7.63,14.81,25,22,23.5,3,87
2024-01-21,"Lima","Pérou",10.68,9.75,12.93,24,21,22.5,3,87
2024-01-22,"Lima","Pérou",12.81,8.8,18.74,25,22,23.5,3,86
2024-01-23,"Lima","Pérou",11.97,8.48,10.28,25,22,23.5,3,87
2024-01-24,"Lima","Pérou",12.65,9.47,13.65,25,22,23.5,3,89
2024-01-25,"Lima","Pérou",10.54,8.01,8.38,26,23,24.5,3,84
2024-01-26,"Lima","Pérou",10.89,7.33,8.41,26,23,24.5,3,81
2024-01-27,"Lima","Pérou",7.55,8.39,7,26,23,24.5,3,83
2024-01-28,"Lima","Pérou",10.77,7.62,9.45,26,23,24.5,3,82
2024-01-29,"Lima","Pérou",11.09,7.31,8.49,26,24,25,2,78
2024-01-30,"Lima","Pérou",10.42,7.66,10.38,25,23,24,2,86
2024-01-31,"Lima","Pérou",11.37,8.01,9.69,26,23,24.5,3,84
2024-02-01,"Lima",NA,22.3113359528487,12.4286382113821,18.9690175438596,26,23,24.5,3,79
2024-02-02,"Lima","Pérou",11.87,8.67,12.41,26,22,24,4,84
2024-02-03,"Lima","Pérou",11.28,7.93,12.49,25,23,24,2,84
2024-02-04,"Lima","Pérou",12.37,7.39,13.34,25,23,24,2,85
2024-02-05,"Lima","Pérou",15.24,7.1,11.79,26,24,25,2,81
2024-02-06,"Lima","Pérou",14.63,8.92,11.98,26,23,24.5,3,84
2024-02-07,"Lima","Pérou",11.84,8.52,9.66,26,23,24.5,3,86
2024-02-08,"Lima","Pérou",11.04,7.49,9.42,27,24,25.5,3,82
2024-02-09,"Lima","Pérou",13,7.59,11.64,27,23,25,4,86
2024-02-10,"Lima","Pérou",12.33,7.8,13.56,27,24,25.5,3,81
2024-02-11,"Lima","Pérou",8.76,8.18,10.61,26,23,24.5,3,86
2024-02-12,"Lima","Pérou",9.24,7.21,9.7,27,24,25.5,3,84
2024-02-13,"Lima","Pérou",12.8,5.99,11.38,26,23,24.5,3,85
2024-02-14,"Lima","Pérou",12.52,7.66,12.4,26,24,25,2,86
2024-02-15,"Lima","Pérou",10.92,5.86,11.99,26,22,24,4,82
2024-02-16,"Lima","Pérou",11.34,6.21,11.9,26,23,24.5,3,85
2024-02-17,"Lima","Pérou",12.93,7.13,13.41,26,23,24.5,3,81
2024-02-18,"Lima","Pérou",10.14,7.55,12.29,26,23,24.5,3,85
2024-02-19,"Lima","Pérou",11.05,7.61,11.39,26,23,24.5,3,82
2024-02-20,"Lima","Pérou",12.45,7.26,11.43,26,23,24.5,3,82
2024-02-21,"Lima","Pérou",14.09,8.05,11.19,26,23,24.5,3,81
2024-02-22,"Lima","Pérou",14.73,7.05,10.7,26,23,24.5,3,82
2024-02-23,"Lima","Pérou",14.25,6.76,11.77,26,23,24.5,3,85
2024-02-24,"Lima","Pérou",12.65,6.72,10.58,26,23,24.5,3,85
2024-02-25,"Lima","Pérou",12.43,6.45,12.73,26,23,24.5,3,88
2024-02-26,"Lima","Pérou",9.93,7.07,12.17,25,23,24,2,89
2024-02-27,"Lima","Pérou",12.21,7.77,13.82,25,23,24,2,87
2024-02-28,"Lima","Pérou",11.65,7.64,13.21,25,23,24,2,87
2024-02-29,"Lima","Pérou",12.16,7.27,12.3,25,22,23.5,3,86
2024-03-01,"Lima","Pérou",13.65,9.38,12.55,25,23,24,2,83
2024-03-02,"Lima","Pérou",14.13,6.23,11.87,26,23,24.5,3,80
2024-03-03,"Lima","Pérou",12.64,7.28,11.29,25,21,23,4,83
2024-03-04,"Lima","Pérou",12.69,9.71,10.43,25,22,23.5,3,86
2024-03-05,"Lima","Pérou",11.28,7.36,12.22,26,23,24.5,3,83
2024-03-06,"Lima","Pérou",12.1,6.45,12.2,26,23,24.5,3,83
2024-03-07,"Lima","Pérou",15.95,7.18,13.2,25,23,24,2,81
2024-03-08,"Lima","Pérou",14.57,6.32,14.09,25,22,23.5,3,85
2024-03-09,"Lima","Pérou",13.32,6.64,13.4,25,22,23.5,3,87
2024-03-10,"Lima","Pérou",15.7,4.53,12.95,25,22,23.5,3,83
2024-03-11,"Lima","Pérou",13.68,8.16,16.28,24,21,22.5,3,85
2024-03-12,"Lima","Pérou",13.16,6.41,17.36,25,20,22.5,5,87
2024-03-13,"Lima","Pérou",16.38,6.87,15.24,25,20,22.5,5,87
2024-03-14,"Lima","Pérou",13.06,6.96,12.82,24,21,22.5,3,87
2024-03-15,"Lima","Pérou",14.03,7.8,13.34,24,21,22.5,3,82
2024-03-16,"Lima","Pérou",13.64,7.72,15.05,24,21,22.5,3,83
2024-03-17,"Lima","Pérou",16.3,6.33,17,24,21,22.5,3,85
2024-03-18,"Lima","Pérou",16.88,7.37,18.79,25,21,23,4,86
2024-03-19,"Lima","Pérou",19.36,5.25,16.77,25,21,23,4,85
2024-03-20,"Lima",NA,22.3113359528487,12.4286382113821,18.9690175438596,24,22,23,2,85
2024-03-21,"Lima",NA,22.3113359528487,12.4286382113821,18.9690175438596,25,22,23.5,3,87
2024-03-22,"Lima",NA,22.3113359528487,12.4286382113821,18.9690175438596,25,22,23.5,3,87
2024-03-23,"Lima",NA,22.3113359528487,12.4286382113821,18.9690175438596,24,22,23,2,86
2024-03-24,"Lima",NA,22.3113359528487,12.4286382113821,18.9690175438596,24,21,22.5,3,88
2024-03-25,"Lima",NA,22.3113359528487,12.4286382113821,18.9690175438596,24,21,22.5,3,89
2024-03-26,"Lima",NA,22.3113359528487,12.4286382113821,18.9690175438596,24,22,23,2,85
2024-03-27,"Lima",NA,22.3113359528487,12.4286382113821,18.9690175438596,24,21,22.5,3,85
2024-03-28,"Lima",NA,22.3113359528487,12.4286382113821,18.9690175438596,24,22,23,2,85
2024-03-29,"Lima",NA,22.3113359528487,12.4286382113821,18.9690175438596,25,21,23,4,89
2024-03-30,"Lima",NA,22.3113359528487,12.4286382113821,18.9690175438596,25,21,23,4,87
2024-03-31,"Lima",NA,22.3113359528487,12.4286382113821,18.9690175438596,24,22,23,2,86
2024-04-01,"Lima","Pérou",10.85,7.05,11.53,24,22,23,2,84
2024-04-02,"Lima","Pérou",11.29,8.37,7.13,23,21,22,2,85
2024-04-03,"Lima","Pérou",11.94,6.16,8.45,24,20,22,4,83
2024-04-04,"Lima","Pérou",13.95,6.34,10.78,24,20,22,4,84
2024-04-05,"Lima","Pérou",11.92,6.63,11.95,24,20,22,4,87
2024-04-06,"Lima","Pérou",13.25,6.15,17.56,24,21,22.5,3,87
2024-04-07,"Lima","Pérou",11.85,6.25,13.94,24,21,22.5,3,87
2024-04-08,"Lima","Pérou",13.42,7.59,17.37,24,20,22,4,87
2024-04-09,"Lima","Pérou",12.05,8.45,13.1,23,21,22,2,82
2024-04-10,"Lima","Pérou",16.13,6.2,17.19,24,21,22.5,3,89
2024-04-11,"Lima","Pérou",17.91,7.5,21.25,24,20,22,4,88
2024-04-12,"Lima","Pérou",15,6.4,16.48,24,21,22.5,3,87
2024-04-13,"Lima","Pérou",13.85,6.44,16.5,24,21,22.5,3,89
2024-04-14,"Lima","Pérou",13.4,8.8,18.35,23,19,21,4,89
2024-04-15,"Lima","Pérou",12.95,7.81,15.8,22,19,20.5,3,93
2024-04-16,"Lima","Pérou",15.19,6.53,14.19,23,19,21,4,91
2024-04-17,"Lima","Pérou",18,7.63,25.05,23,19,21,4,88
2024-04-18,"Lima","Pérou",17.93,6.19,27.2,23,20,21.5,3,88
2024-04-19,"Lima","Pérou",20.98,6,26.75,22,18,20,4,86
2024-04-20,"Lima","Pérou",22.89,6.83,20.83,22,18,20,4,86
2024-04-21,"Lima","Pérou",15.46,5.91,14.41,22,18,20,4,88
2024-04-22,"Lima","Pérou",17.97,5.12,17.9,22,18,20,4,89
2024-04-23,"Lima","Pérou",17.18,13.84,22.04,22,18,20,4,90
2024-04-24,"Lima","Pérou",26.1,19.17,23.89,23,19,21,4,88
2024-04-25,"Lima","Pérou",26.95,19.11,21.05,22,18,20,4,90
2024-04-26,"Lima","Pérou",31.71,22.63,28.64,22,18,20,4,86
2024-04-27,"Lima","Pérou",29.61,18.04,19.96,22,18,20,4,88
2024-04-28,"Lima","Pérou",25.66,23.37,17.48,22,18,20,4,88
2024-04-29,"Lima","Pérou",26.9,23.69,22.61,22,18,20,4,86
2024-04-30,"Lima","Pérou",27.28,23.19,21.32,22,18,20,4,84
2024-05-01,"Lima","Pérou",22.74,25.5,19.18,22,18,20,4,87
2024-05-02,"Lima","Pérou",21.74,26.62,18.68,21,18,19.5,3,90
2024-05-03,"Lima","Pérou",26.14,30.34,15.23,22,19,20.5,3,90
2024-05-04,"Lima","Pérou",32.11,28.25,22.6,22,19,20.5,3,89
2024-05-05,"Lima","Pérou",31.3,49.5,39.15,21,18,19.5,3,89
2024-05-06,"Lima","Pérou",27.76,29.21,22.93,21,17,19,4,86
2024-05-07,"Lima","Pérou",26.78,21.21,18.64,21,18,19.5,3,90
2024-05-08,"Lima","Pérou",31.66,21.51,23,21,17,19,4,88
2024-05-09,"Lima","Pérou",48.58,14.26,37.97,21,17,19,4,91
2024-05-10,"Lima","Pérou",31.68,22.41,20.15,21,17,19,4,88
2024-05-11,"Lima","Pérou",27.88,20.66,18.39,21,17,19,4,88
2024-05-12,"Lima","Pérou",26.04,26.08,22.97,20,17,18.5,3,89
2024-05-13,"Lima","Pérou",32.8,25.12,35,21,16,18.5,5,89
2024-05-14,"Lima","Pérou",22.3113359528487,12.4286382113821,26.1,20,17,18.5,3,87
2024-05-15,"Lima","Pérou",22.3113359528487,12.4286382113821,27.81,20,17,18.5,3,89
2024-05-16,"Lima","Pérou",22.3113359528487,12.4286382113821,30.23,20,16,18,4,89
2024-05-17,"Lima","Pérou",22.3113359528487,12.4286382113821,16.7,20,17,18.5,3,91
2024-05-18,"Lima","Pérou",22.3113359528487,12.4286382113821,23.28,20,16,18,4,93
2024-05-19,"Lima","Pérou",22.3113359528487,12.4286382113821,30.13,20,17,18.5,3,88
2024-05-20,"Lima","Pérou",22.3113359528487,12.4286382113821,23.92,20,16,18,4,88
2024-05-21,"Lima","Pérou",22.3113359528487,12.4286382113821,18.47,20,16,18,4,83
2024-05-22,"Lima","Pérou",22.3113359528487,12.4286382113821,22.5,20,16,18,4,87
2024-05-23,"Lima","Pérou",22.3113359528487,12.4286382113821,41.8,20,15,17.5,5,87
2024-05-24,"Lima","Pérou",22.3113359528487,12.4286382113821,54.42,20,15,17.5,5,88
2024-05-25,"Lima","Pérou",22.3113359528487,12.4286382113821,46.12,20,16,18,4,85
2024-05-26,"Lima","Pérou",22.3113359528487,12.4286382113821,34.73,20,16,18,4,84
2024-05-27,"Lima","Pérou",22.3113359528487,12.4286382113821,41.82,20,16,18,4,85
2024-05-28,"Lima","Pérou",22.3113359528487,12.4286382113821,51.28,20,16,18,4,84
2024-05-29,"Lima","Pérou",22.3113359528487,12.4286382113821,39.56,20,15,17.5,5,86
2024-05-30,"Lima","Pérou",22.3113359528487,12.4286382113821,30.62,20,15,17.5,5,83
2024-05-31,"Lima","Pérou",22.3113359528487,12.4286382113821,22.36,19,15,17,4,86
2024-06-01,"Lima","Pérou",32.13,24.12,27.39,19,15,17,4,82
2024-06-02,"Lima","Pérou",25.83,39.49,20.72,19,15,17,4,82
2024-06-03,"Lima","Pérou",33.67,29.83,30.41,20,15,17.5,5,86
2024-06-04,"Lima","Pérou",32.47,26.3,28.81,20,15,17.5,5,86
2024-06-05,"Lima","Pérou",37.11,22.13,37.86,20,15,17.5,5,85
2024-06-06,"Lima","Pérou",37.77,20.59,43.01,19,15,17,4,85
2024-06-07,"Lima",NA,22.3113359528487,12.4286382113821,18.9690175438596,20,15,17.5,5,85
2024-06-08,"Lima",NA,22.3113359528487,12.4286382113821,18.9690175438596,20,15,17.5,5,83
2024-06-09,"Lima",NA,22.3113359528487,12.4286382113821,18.9690175438596,19,15,17,4,84
2024-06-10,"Lima","Pérou",25.98,33.75,19.29,20,15,17.5,5,81
2024-06-11,"Lima","Pérou",34.25,21.05,33.39,20,15,17.5,5,84
2024-06-12,"Lima","Pérou",34.43,25.14,38.65,20,15,17.5,5,84
2024-06-13,"Lima","Pérou",32.38,19.79,27.98,20,15,17.5,5,88
2024-06-14,"Lima","Pérou",31.52,21.33,35.69,19,15,17,4,89
2024-06-15,"Lima","Pérou",32.52,20.09,35.76,19,15,17,4,84
2024-06-16,"Lima","Pérou",33.76,22.55,36.64,19,17,18,2,85
2024-06-17,"Lima","Pérou",30.25,31.06,31.51,19,15,17,4,87
2024-06-18,"Lima","Pérou",30.06,25,16.6,19,15,17,4,85
2024-06-19,"Lima","Pérou",43.87,16.35,29.43,19,16,17.5,3,87
2024-06-20,"Lima","Pérou",40.89,24.53,48.68,19,15,17,4,86
2024-06-21,"Lima","Pérou",52.99,18.07,52.13,19,16,17.5,3,84
2024-06-22,"Lima","Pérou",52.43,12.54,51.2,19,15,17,4,86
2024-06-23,"Lima","Pérou",39.22,20.99,23.73,19,15,17,4,86
2024-06-24,"Lima","Pérou",36.55,21.53,29.45,18,15,16.5,3,86
2024-06-25,"Lima","Pérou",48.3,20.83,29.86,18,14,16,4,87
2024-06-26,"Lima","Pérou",46.77,32.24,41.96,18,15,16.5,3,85
2024-06-27,"Lima","Pérou",79.63,22.56,73.64,18,15,16.5,3,88
2024-06-28,"Lima","Pérou",48.04,28.05,33.65,19,15,17,4,84
2024-06-29,"Lima","Pérou",38.93,19.2,29.14,19,16,17.5,3,83
2024-06-30,"Lima","Pérou",33.57,19.14,40.45,19,16,17.5,3,86
2024-07-01,"Lima","Pérou",30.95,20.55,26.83,19,15,17,4,84
2024-07-02,"Lima","Pérou",36.79,18.75,27.22,19,15,17,4,84
2024-07-03,"Lima","Pérou",41.94,27.68,29.75,19,15,17,4,81
2024-07-04,"Lima","Pérou",50.9,17.97,33.34,19,16,17.5,3,84
2024-07-05,"Lima","Pérou",45.41,29.26,30.7,19,16,17.5,3,78
2024-07-06,"Lima","Pérou",34.49,5.65,24.93,19,16,17.5,3,85
2024-07-07,"Lima","Pérou",29.53,5.17,21.17,19,16,17.5,3,83
2024-07-08,"Lima","Pérou",31.41,7.03,20.6,19,16,17.5,3,85
2024-07-09,"Lima","Pérou",36.24,4.58,19.32,18,15,16.5,3,85
2024-07-10,"Lima","Pérou",37.97,5.19,18.79,18,15,16.5,3,84
2024-07-11,"Lima","Pérou",42.7,5.3,23.21,18,15,16.5,3,86
2024-07-12,"Lima","Pérou",51.2,4.43,40.64,18,15,16.5,3,81
2024-07-13,"Lima","Pérou",40.68,5.16,34.77,18,15,16.5,3,81
2024-07-14,"Lima","Pérou",31.83,5.71,24.79,18,14,16,4,82
2024-07-15,"Lima","Pérou",36.7,5.68,21.49,18,14,16,4,81
2024-07-16,"Lima","Pérou",35.12,6.07,26.37,18,14,16,4,84
2024-07-17,"Lima","Pérou",43.52,6.79,25.51,18,14,16,4,81
2024-07-18,"Lima","Pérou",22.3113359528487,12.4286382113821,42.88,18,14,16,4,85
2024-07-19,"Lima","Pérou",22.3113359528487,12.4286382113821,31.22,18,14,16,4,81
2024-07-20,"Lima","Pérou",22.3113359528487,12.4286382113821,26.38,18,14,16,4,82
2024-07-21,"Lima","Pérou",22.3113359528487,12.4286382113821,21.66,18,13,15.5,5,85
2024-07-22,"Lima","Pérou",22.3113359528487,12.4286382113821,25.01,18,14,16,4,81
2024-07-23,"Lima","Pérou",22.3113359528487,12.4286382113821,39,18,14,16,4,83
2024-07-24,"Lima","Pérou",22.3113359528487,12.4286382113821,22.72,18,14,16,4,86
2024-07-25,"Lima","Pérou",22.3113359528487,12.4286382113821,18.79,18,14,16,4,85
2024-07-26,"Lima","Pérou",22.3113359528487,12.4286382113821,20.64,18,14,16,4,83
2024-07-27,"Lima","Pérou",22.3113359528487,12.4286382113821,28.99,18,14,16,4,84
2024-07-28,"Lima","Pérou",22.3113359528487,12.4286382113821,27.09,18,15,16.5,3,84
2024-07-29,"Lima","Pérou",22.3113359528487,12.4286382113821,31.38,18,16,17,2,84
2024-07-30,"Lima","Pérou",22.3113359528487,12.4286382113821,33.95,19,16,17.5,3,83
2024-07-31,"Lima","Pérou",22.3113359528487,12.4286382113821,18.27,19,15,17,4,84
2024-08-01,"Lima","Pérou",37.14,4.65,32.57,21,16,18.5,5,83
2024-08-02,"Lima","Pérou",35.35,5.62,29.14,19,15,17,4,84
2024-08-03,"Lima","Pérou",29.25,5.27,18.69,19,14,16.5,5,84
2024-08-04,"Lima","Pérou",32.23,5.72,27.35,19,15,17,4,82
2024-08-05,"Lima","Pérou",31.23,4.92,29.99,18,15,16.5,3,85
2024-08-06,"Lima","Pérou",23.76,5.98,15.36,18,15,16.5,3,87
2024-08-07,"Lima","Pérou",29.24,5.8,12.21,18,14,16,4,87
2024-08-08,"Lima","Pérou",40.42,5.66,23.59,19,15,17,4,83
2024-08-09,"Lima","Pérou",40.65,17.15,25.84,18,15,16.5,3,83
2024-08-10,"Lima","Pérou",10.17,5.01,32.22,19,15,17,4,82
2024-08-11,"Lima","Pérou",4.68,4.67,18.88,18,14,16,4,81
2024-08-12,"Lima","Pérou",5.34,4.4,25.53,18,15,16.5,3,81
2024-08-13,"Lima","Pérou",6.99,4.74,31.61,19,14,16.5,5,84
2024-08-14,"Lima","Pérou",9.91,4.13,48.05,19,14,16.5,5,83
2024-08-15,"Lima","Pérou",3.55,5.74,31.79,19,15,17,4,80
2024-08-16,"Lima","Pérou",5.85,4.17,24.71,18,15,16.5,3,81
2024-08-17,"Lima","Pérou",7.76,5.42,29.08,18,15,16.5,3,82
2024-08-18,"Lima","Pérou",5.16,4.74,24.58,18,14,16,4,81
2024-08-19,"Lima","Pérou",5.14,5.36,29.15,18,15,16.5,3,87
2024-08-20,"Lima","Pérou",8.95,4.53,27.39,18,15,16.5,3,83
2024-08-21,"Lima","Pérou",36.68,4.99,25.46,18,14,16,4,88
2024-08-22,"Lima","Pérou",87.81,4.84,16.89,18,15,16.5,3,88
2024-08-23,"Lima","Pérou",88.72,4.63,16.28,17,15,16,2,83
2024-08-24,"Lima","Pérou",90.87,4.35,19.5,18,15,16.5,3,87
2024-08-25,"Lima","Pérou",87.25,5.4,42.52,19,16,17.5,3,83
2024-08-26,"Lima","Pérou",81.09,5.71,31.82,19,16,17.5,3,84
2024-08-27,"Lima","Pérou",84.31,5,27.36,18,15,16.5,3,84
2024-08-28,"Lima","Pérou",88.78,4.73,19.57,18,15,16.5,3,87
2024-08-29,"Lima","Pérou",86.97,6.3,17.67,17,14,15.5,3,88
2024-08-30,"Lima","Pérou",86.52,4.77,20.07,17,14,15.5,3,87
2024-08-31,"Lima","Pérou",88.4,4.28,25.35,17,15,16,2,83
2024-09-01,"Lima","Pérou",88.08,6.42,30.03,18,15,16.5,3,83
2024-09-02,"Lima","Pérou",87.16,6.1,23.52,18,15,16.5,3,83
2024-09-03,"Lima","Pérou",88.89,5.7,25.12,18,14,16,4,82
2024-09-04,"Lima","Pérou",87.87,5.23,18.39,18,14,16,4,84
2024-09-05,"Lima","Pérou",94.08,4.48,29.27,18,15,16.5,3,82
2024-09-06,"Lima","Pérou",89.68,5.14,21.94,19,15,17,4,84
2024-09-07,"Lima","Pérou",92.47,5.23,30.47,18,15,16.5,3,86
2024-09-08,"Lima","Pérou",90.11,6.08,40.84,19,16,17.5,3,83
2024-09-09,"Lima","Pérou",82.97,7.06,34.21,19,15,17,4,86
2024-09-10,"Lima","Pérou",83.9,8.29,28.78,19,15,17,4,86
2024-09-11,"Lima","Pérou",76.82,4.83,27.2,19,15,17,4,85
2024-09-12,"Lima","Pérou",41.07,6.06,30.3,18,16,17,2,87
2024-09-13,"Lima","Pérou",42.81,3.24,41.99,19,16,17.5,3,85
2024-09-14,"Lima","Pérou",22.3113359528487,12.4286382113821,29.02,19,16,17.5,3,83
2024-09-15,"Lima","Pérou",22.3113359528487,12.4286382113821,22.96,18,16,17,2,84
2024-09-16,"Lima","Pérou",22.3113359528487,11.04,17.92,19,15,17,4,83
2024-09-17,"Lima","Pérou",22.3113359528487,4.86,24.69,19,16,17.5,3,85
2024-09-18,"Lima","Pérou",22.3113359528487,4.12,24.66,18,16,17,2,83
2024-09-19,"Lima","Pérou",22.3113359528487,3.79,23.22,18,16,17,2,85
2024-09-20,"Lima","Pérou",22.3113359528487,12.4286382113821,30.77,18,15,16.5,3,83
2024-09-21,"Lima","Pérou",22.3113359528487,12.4286382113821,28.85,19,15,17,4,84
2024-09-22,"Lima","Pérou",22.3113359528487,12.4286382113821,25.05,19,16,17.5,3,77
2024-09-23,"Lima","Pérou",22.3113359528487,12.4286382113821,19.52,19,16,17.5,3,89
2024-09-24,"Lima","Pérou",22.3113359528487,12.4286382113821,18.79,19,16,17.5,3,84
2024-09-25,"Lima","Pérou",22.3113359528487,12.4286382113821,19.93,19,16,17.5,3,85
2024-09-26,"Lima","Pérou",22.3113359528487,12.4286382113821,26.83,19,16,17.5,3,83
2024-09-27,"Lima","Pérou",22.3113359528487,12.4286382113821,25.17,19,16,17.5,3,87
2024-09-28,"Lima","Pérou",22.3113359528487,12.4286382113821,28.54,19,16,17.5,3,85
2024-09-29,"Lima","Pérou",22.3113359528487,12.4286382113821,29.81,19,16,17.5,3,86
2024-09-30,"Lima","Pérou",22.3113359528487,12.4286382113821,27.76,19,16,17.5,3,86
2024-10-01,"Lima","Pérou",25.91,5.33,19.97,19,16,17.5,3,89
2024-10-02,"Lima","Pérou",26.9,3.83,24.04,19,16,17.5,3,88
2024-10-03,"Lima","Pérou",30.03,4.84,27.11,20,16,18,4,88
2024-10-04,"Lima","Pérou",30.28,4.27,25.65,20,17,18.5,3,85
2024-10-05,"Lima","Pérou",27.01,4.23,30.11,19,17,18,2,89
2024-10-06,"Lima","Pérou",28.22,5.42,33.89,21,17,19,4,84
2024-10-07,"Lima","Pérou",25.34,7.82,21.21,21,17,19,4,86
2024-10-08,"Lima","Pérou",22.56,7.14,16.2,19,16,17.5,3,90
2024-10-09,"Lima","Pérou",23.12,6.95,15.45,19,16,17.5,3,87
2024-10-10,"Lima","Pérou",27.8,5.08,19.88,19,16,17.5,3,89
2024-10-11,"Lima","Pérou",30.84,4.87,36.62,19,16,17.5,3,87
2024-10-12,"Lima","Pérou",28.21,4.59,27.66,20,16,18,4,85
2024-10-13,"Lima","Pérou",26.77,5.85,18.89,20,16,18,4,82
2024-10-14,"Lima","Pérou",25.77,6.24,17.78,20,16,18,4,85
2024-10-15,"Lima","Pérou",26.21,5.42,16.91,20,17,18.5,3,87
2024-10-16,"Lima","Pérou",26.91,9.21,20.04,20,17,18.5,3,87
2024-10-17,"Lima","Pérou",28.47,4.77,18.87,20,17,18.5,3,84
2024-10-18,"Lima","Pérou",25.22,6.49,27.33,20,17,18.5,3,83
2024-10-19,"Lima","Pérou",9.5,5.89,24.72,20,17,18.5,3,87
2024-10-20,"Lima","Pérou",5.62,5.13,22.61,19,17,18,2,89
2024-10-21,"Lima","Pérou",5.5,7.69,15.49,20,17,18.5,3,86
2024-10-22,"Lima","Pérou",9.6,6.77,13.84,20,17,18.5,3,90
2024-10-23,"Lima","Pérou",7.34,4.7,18.61,21,17,19,4,87
2024-10-24,"Lima","Pérou",10.58,3.8,20.68,20,17,18.5,3,87
2024-10-25,"Lima","Pérou",18.81,4.34,16.72,20,17,18.5,3,86
2024-10-26,"Lima","Pérou",25.81,4.02,19.37,20,17,18.5,3,87
2024-10-27,"Lima","Pérou",20.52,6.7,19.2,20,17,18.5,3,86
2024-10-28,"Lima","Pérou",22.04,5.71,18.58,20,17,18.5,3,86
2024-10-29,"Lima","Pérou",21.76,6.41,22.16,20,17,18.5,3,86
2024-10-30,"Lima","Pérou",19.51,5.39,14.45,20,17,18.5,3,88
2024-10-31,"Lima","Pérou",21.09,6.45,17.27,20,17,18.5,3,87
2024-11-01,"Lima","Pérou",17.45,7.54,14.07,20,17,18.5,3,85
2024-11-02,"Lima","Pérou",16.05,6.46,17.9,20,17,18.5,3,83
2024-11-03,"Lima","Pérou",13.75,5.2,15.88,20,18,19,2,83
2024-11-04,"Lima","Pérou",14.86,6.07,17.91,20,17,18.5,3,88
2024-11-05,"Lima","Pérou",21.91,6.56,19.74,20,18,19,2,88
2024-11-06,"Lima","Pérou",19.83,5.03,15.69,20,17,18.5,3,89
2024-11-07,"Lima","Pérou",21.66,4.57,14.53,20,17,18.5,3,90
2024-11-08,"Lima","Pérou",24.84,4.95,15.65,20,17,18.5,3,85
2024-11-09,"Lima","Pérou",26.07,7.46,17.18,20,17,18.5,3,85
2024-11-10,"Lima","Pérou",16.76,7.34,10.97,21,18,19.5,3,85
2024-11-11,"Lima","Pérou",14.84,4.96,13.15,20,18,19,2,89
2024-11-12,"Lima","Pérou",17.32,4.32,19.46,20,17,18.5,3,88
2024-11-13,"Lima","Pérou",19.8,12.4286382113821,18.09,20,18,19,2,86
2024-11-14,"Lima","Pérou",22.3113359528487,12.4286382113821,17.19,21,18,19.5,3,85
2024-11-15,"Lima","Pérou",22.3113359528487,12.4286382113821,12.34,21,18,19.5,3,82
2024-11-16,"Lima","Pérou",22.3113359528487,12.4286382113821,13.19,21,18,19.5,3,86
2024-11-17,"Lima","Pérou",22.3113359528487,12.4286382113821,13.28,21,18,19.5,3,87
2024-11-18,"Lima","Pérou",22.3113359528487,12.4286382113821,13.78,21,18,19.5,3,87
2024-11-19,"Lima","Pérou",22.3113359528487,12.4286382113821,12.56,21,18,19.5,3,84
2024-11-20,"Lima","Pérou",22.3113359528487,12.4286382113821,19.33,21,18,19.5,3,85
2024-11-21,"Lima","Pérou",22.3113359528487,12.4286382113821,15.89,21,18,19.5,3,85
2024-11-22,"Lima","Pérou",22.3113359528487,12.4286382113821,20.22,20,18,19,2,86
2024-11-23,"Lima","Pérou",22.3113359528487,12.4286382113821,16.66,21,18,19.5,3,89
2024-11-24,"Lima","Pérou",22.3113359528487,12.4286382113821,13.24,21,19,20,2,87
2024-11-25,"Lima","Pérou",22.3113359528487,12.4286382113821,25.53,21,18,19.5,3,88
2024-11-26,"Lima","Pérou",22.3113359528487,12.4286382113821,17.73,21,18,19.5,3,88
2024-11-27,"Lima","Pérou",22.3113359528487,12.4286382113821,19.56,21,18,19.5,3,87
2024-11-28,"Lima","Pérou",22.3113359528487,12.4286382113821,18.57,21,19,20,2,87
2024-11-29,"Lima","Pérou",22.3113359528487,12.4286382113821,15.2,21,18,19.5,3,91
2024-11-30,"Lima","Pérou",22.3113359528487,12.4286382113821,15.24,21,18,19.5,3,90
2024-12-01,"Lima","Pérou",10.44,5.11,21.58,21,18,19.5,3,90
2024-12-02,"Lima","Pérou",9.29,4.92,13.51,21,19,20,2,91
2024-12-03,"Lima","Pérou",15.93,4.6,19.44,22,19,20.5,3,88
2024-12-04,"Lima","Pérou",18.8,4.37,24.91,22,19,20.5,3,88
2024-12-05,"Lima","Pérou",20.15,4.31,27.59,21,19,20,2,89
2024-12-06,"Lima","Pérou",15.36,4.73,25.42,22,18,20,4,87
2024-12-07,"Lima","Pérou",17.15,4.47,20.38,21,18,19.5,3,87
2024-12-08,"Lima","Pérou",9.97,5.96,14.1,20,18,19,2,89
2024-12-09,"Lima","Pérou",8.61,4.86,14.08,21,18,19.5,3,90
2024-12-10,"Lima","Pérou",11.68,4.46,16.56,21,18,19.5,3,90
2024-12-11,"Lima","Pérou",13.13,5.79,15.26,22,19,20.5,3,87
2024-12-12,"Lima","Pérou",44.21,5.62,15.03,21,19,20,2,87
2024-12-13,"Lima","Pérou",21.84,37.25,18.88,21,19,20,2,87
2024-12-14,"Lima","Pérou",24.87,22.02,19.15,21,19,20,2,87
2024-12-15,"Lima","Pérou",22.46,21.28,19.44,21,19,20,2,88
2024-12-16,"Lima","Pérou",23.33,15.88,20.74,21,19,20,2,87
2024-12-17,"Lima","Pérou",22.75,20.14,19.58,22,19,20.5,3,86
2024-12-18,"Lima","Pérou",18.48,25.72,12.82,22,19,20.5,3,89
2024-12-19,"Lima","Pérou",20.27,28.76,16.37,21,19,20,2,87
2024-12-20,"Lima","Pérou",21.93,26.6,17.28,22,19,20.5,3,88
2024-12-21,"Lima","Pérou",19.04,26.02,15.6,22,19,20.5,3,88
2024-12-22,"Lima","Pérou",15.14,24.8,14.93,22,19,20.5,3,87
2024-12-23,"Lima","Pérou",18.36,19.71,14.37,22,19,20.5,3,84
2024-12-24,"Lima","Pérou",16.28,19.31,12.79,22,19,20.5,3,86
2024-12-25,"Lima","Pérou",11.79,21.96,15.17,23,19,21,4,89
2024-12-26,"Lima","Pérou",13.65,19.96,10.85,22,20,21,2,85
2024-12-27,"Lima","Pérou",21.26,14.02,11.88,23,19,21,4,83
2024-12-28,"Lima","Pérou",18.23,18.41,14.21,23,20,21.5,3,84
2024-12-29,"Lima","Pérou",13.92,21.74,12.74,22,20,21,2,89
2024-12-30,"Lima","Pérou",11.06,22.87,9.56,22,20,21,2,88
2024-12-31,"Lima","Pérou",23.52,7.03,11.39,22,20,21,2,82
2025-01-01,"Lima","Pérou",15.02,20.04,22.48,23,20,21.5,3,86
2025-01-02,"Lima","Pérou",15.7,18.89,14.98,22,20,21,2,86
2025-01-03,"Lima","Pérou",18.75,18.1,14.64,23,21,22,2,85
2025-01-04,"Lima","Pérou",20.62,18.07,15.45,23,21,22,2,84
2025-01-05,"Lima","Pérou",11.76,26.06,11.76,24,20,22,4,88
2025-01-06,"Lima","Pérou",12.92,17.73,9.57,24,21,22.5,3,85
2025-01-07,"Lima","Pérou",14.68,16.92,9.93,23,20,21.5,3,89
2025-01-08,"Lima","Pérou",13.46,13.74,9.79,23,20,21.5,3,90
2025-01-09,"Lima","Pérou",13.96,6.03,14.34,23,20,21.5,3,87
2025-01-10,"Lima","Pérou",15.02,5.96,11.07,23,20,21.5,3,86
2025-01-11,"Lima","Pérou",13.79,5.63,12.49,23,20,21.5,3,86
2025-01-12,"Lima","Pérou",11.93,7.28,11.68,24,21,22.5,3,86
2025-01-13,"Lima","Pérou",11.59,7.9,10.2,23,19,21,4,86
2025-01-14,"Lima","Pérou",12.92,7.56,10.41,24,20,22,4,86
2025-01-15,"Lima","Pérou",13.01,6.72,12.36,24,20,22,4,83
2025-01-16,"Lima","Pérou",12.39,6.88,10.55,24,19,21.5,5,88
2025-01-17,"Lima","Pérou",12.04,6.53,10.04,24,20,22,4,86
2025-01-18,"Lima","Pérou",13.29,7.48,11.21,23,20,21.5,3,87
2025-01-19,"Lima","Pérou",12.39,7.68,12.44,22,21,21.5,1,87
2025-01-20,"Lima","Pérou",13.26,5.79,15.41,23,20,21.5,3,88
2025-01-21,"Lima","Pérou",17.94,5.85,17.08,23,20,21.5,3,86
2025-01-22,"Lima","Pérou",15.76,5.83,16.26,23,20,21.5,3,85
2025-01-23,"Lima","Pérou",14.16,6.71,14.15,23,20,21.5,3,87
2025-01-24,"Lima","Pérou",13.31,7.4,14.77,23,20,21.5,3,86
2025-01-25,"Lima","Pérou",13.27,9.19,11.47,23,20,21.5,3,85
2025-01-26,"Lima","Pérou",11.36,7.84,13.29,23,20,21.5,3,88
2025-01-27,"Lima","Pérou",12.91,6.57,14.28,23,20,21.5,3,84
2025-01-28,"Lima","Pérou",14.85,6.11,14.13,24,21,22.5,3,83
2025-01-29,"Lima","Pérou",18.06,6.19,17.99,24,21,22.5,3,81
2025-01-30,"Lima","Pérou",15.1,6.58,13.23,24,20,22,4,87
2025-01-31,"Lima","Pérou",14.13,5.9,16.68,24,20,22,4,86
2025-02-01,"Lima","Pérou",12.22,8.18,10.84,23,21,22,2,85
2025-02-02,"Lima","Pérou",11.72,6.41,11.24,24,20,22,4,82
2025-02-03,"Lima","Pérou",12.82,5,13.02,25,21,23,4,85
2025-02-04,"Lima","Pérou",16.22,3.94,13.09,23,22,22.5,1,82
2025-02-05,"Lima","Pérou",15.45,4.06,12.09,24,20,22,4,82
2025-02-06,"Lima","Pérou",19.52,4.29,16.7,25,22,23.5,3,78
2025-02-07,"Lima","Pérou",14.16,3.21,20.46,25,21,23,4,84
2025-02-08,"Lima","Pérou",17.13,4.1,18.9690175438596,24,22,23,2,86
2025-02-09,"Lima",NA,22.3113359528487,12.4286382113821,18.9690175438596,24,22,23,2,86
2025-02-10,"Lima","Pérou",12.28,7.49,6.36,25,22,23.5,3,81
2025-02-11,"Lima","Pérou",14.11,4.88,8.98,25,22,23.5,3,80
2025-02-12,"Lima","Pérou",16.46,3.38,15.63,24,23,23.5,1,79
2025-02-13,"Lima","Pérou",19.44,6.98,21.31,25,23,24,2,82
2025-02-14,"Lima","Pérou",15.72,3.79,10.18,25,22,23.5,3,84
2025-02-15,"Lima","Pérou",22.3113359528487,12.4286382113821,7.38,25,22,23.5,3,85
2025-02-16,"Lima","Pérou",22.3113359528487,12.4286382113821,8.51,25,23,24,2,83
2025-02-17,"Lima","Pérou",22.3113359528487,12.4286382113821,9,25,21,23,4,86
2025-02-18,"Lima","Pérou",22.3113359528487,12.4286382113821,6.44,25,22,23.5,3,86
2025-02-19,"Lima","Pérou",22.3113359528487,12.4286382113821,9.74,25,22,23.5,3,86
2025-02-20,"Lima","Pérou",22.3113359528487,12.4286382113821,8.69,25,22,23.5,3,84
2025-02-21,"Lima","Pérou",22.3113359528487,12.4286382113821,10.91,25,23,24,2,85
2025-02-22,"Lima","Pérou",22.3113359528487,12.4286382113821,9.78,25,22,23.5,3,83
2025-02-23,"Lima","Pérou",22.3113359528487,12.4286382113821,9.83,24,23,23.5,1,82
2025-02-24,"Lima","Pérou",22.3113359528487,12.4286382113821,10.25,25,22,23.5,3,81
2025-02-25,"Lima","Pérou",22.3113359528487,12.4286382113821,10.41,25,21,23,4,82
2025-02-26,"Lima","Pérou",22.3113359528487,12.4286382113821,14.64,25,21,23,4,83
2025-02-27,"Lima","Pérou",22.3113359528487,12.4286382113821,8.81,25,22,23.5,3,83
2025-02-28,"Lima","Pérou",22.3113359528487,12.4286382113821,6.28,25,23,24,2,83
2025-03-01,"Lima","Pérou",19.18,21.74,10.73,27,21,24,6,80
2025-03-02,"Lima","Pérou",19.88,23.37,8.74,28,21,24.5,7,79
2025-03-03,"Lima","Pérou",18.92,21.27,8.85,28,22,25,6,77
2025-03-04,"Lima","Pérou",17.23,16.69,13.26,26,21,23.5,5,83
2025-03-05,"Lima","Pérou",13.59,26.54,9.34,26,20,23,6,83
2025-03-06,"Lima","Pérou",21.44,23.19,13.29,28,20,24,8,81
2025-03-07,"Lima","Pérou",20.27,17.64,11.65,26,20,23,6,81
2025-03-08,"Lima","Pérou",24.83,18.19,16.13,26,20,23,6,83
2025-03-09,"Lima","Pérou",25.55,23.92,18.21,29,21,25,8,81
2025-03-10,"Lima","Pérou",19.57,8.32,12.81,27,21,24,6,82
2025-03-11,"Lima","Pérou",19.08,12.4286382113821,15.93,26,20,23,6,83
2025-03-12,"Lima","Pérou",13.87,12.4286382113821,9.87,26,21,23.5,5,82
2025-03-13,"Lima","Pérou",18.37,12.4286382113821,13.89,26,21,23.5,5,83
2025-03-14,"Lima","Pérou",25.64,27.31,16.39,26,20,23,6,83
2025-03-15,"Lima","Pérou",23.36,15.97,17.5,26,21,23.5,5,79
2025-03-16,"Lima","Pérou",17.8,16.72,12.51,25,20,22.5,5,84
2025-03-17,"Lima","Pérou",17.01,23.36,12.57,25,20,22.5,5,81
2025-03-18,"Lima","Pérou",16.54,21.21,13.56,24,19,21.5,5,86
2025-03-19,"Lima","Pérou",17.45,25.15,13.47,26,19,22.5,7,85
2025-03-20,"Lima","Pérou",25.95,25.12,17.77,25,20,22.5,5,81
2025-03-21,"Lima","Pérou",26.85,23.91,17.48,28,20,24,8,77
2025-03-22,"Lima","Pérou",21.62,27.22,13.67,28,20,24,8,78
2025-03-23,"Lima","Pérou",14.8,30.75,10.63,26,20,23,6,77
2025-03-24,"Lima","Pérou",18.32,23.84,13.83,26,20,23,6,80
2025-03-25,"Lima","Pérou",23.63,23.3,15.27,27,20,23.5,7,83
2025-03-26,"Lima","Pérou",26.59,18.47,14.58,28,20,24,8,79
2025-03-27,"Lima","Pérou",23.49,23.36,12.73,27,21,24,6,75
2025-03-28,"Lima","Pérou",24.77,21.99,11.11,28,20,24,8,77
2025-03-29,"Lima","Pérou",25.64,22.91,13.98,26,20,23,6,87
2025-03-30,"Lima","Pérou",18.69,23.9,11.35,26,20,23,6,83
2025-03-31,"Lima","Pérou",20.83,24.67,14.97,24,19,21.5,5,87
2025-04-01,"Lima","Pérou",28.47,18.15,16,26,20,23,6,84
2025-04-02,"Lima","Pérou",25.15,22.77,14.68,25,20,22.5,5,83
2025-04-03,"Lima","Pérou",22.89,25.49,13.63,24,19,21.5,5,84
2025-04-04,"Lima","Pérou",18.48,24.32,12.37,25,20,22.5,5,85
2025-04-05,"Lima","Pérou",16.73,27.34,14.89,24,19,21.5,5,84
2025-04-06,"Lima","Pérou",13.75,24.54,10.65,24,19,21.5,5,84
2025-04-07,"Lima","Pérou",16.89,23.27,11.69,25,19,22,6,86
2025-04-08,"Lima","Pérou",20.63,25.29,14.91,25,19,22,6,84
2025-04-09,"Lima","Pérou",18.14,33.88,13.34,26,18,22,8,83
2025-04-10,"Lima","Pérou",17.69,31.66,17.65,24,18,21,6,83
2025-04-11,"Lima","Pérou",19.92,24.96,17.56,25,18,21.5,7,82
2025-04-12,"Lima","Pérou",22.3113359528487,19.29,19,25,19,22,6,77
2025-04-13,"Lima","Pérou",22.3113359528487,26.89,19.03,24,19,21.5,5,84
2025-04-14,"Lima","Pérou",22.3113359528487,26.9,15.97,25,18,21.5,7,84
2025-04-15,"Lima","Pérou",22.3113359528487,22.33,24.46,22,18,20,4,85
2025-04-16,"Lima","Pérou",22.3113359528487,17,25.67,21,18,19.5,3,86
2025-04-17,"Lima","Pérou",22.3113359528487,12.4286382113821,23.44,23,17,20,6,81
2025-04-18,"Lima","Pérou",22.3113359528487,12.4286382113821,16.29,23,18,20.5,5,79
2025-04-19,"Lima","Pérou",22.3113359528487,12.4286382113821,15.94,24,18,21,6,81
2025-04-20,"Lima","Pérou",22.3113359528487,12.4286382113821,13.78,23,17,20,6,82
2025-04-21,"Lima","Pérou",22.3113359528487,12.4286382113821,16.58,23,18,20.5,5,81
2025-04-22,"Lima","Pérou",22.3113359528487,12.4286382113821,27.31,23,18,20.5,5,80
2025-04-23,"Lima","Pérou",22.3113359528487,12.4286382113821,19.67,23,18,20.5,5,85
2025-04-24,"Lima","Pérou",22.3113359528487,12.4286382113821,16.19,23,18,20.5,5,89
2025-04-25,"Lima","Pérou",22.3113359528487,12.4286382113821,17.77,23,19,21,4,83
2025-04-26,"Lima","Pérou",22.3113359528487,12.4286382113821,18.29,22,18,20,4,80
2025-04-27,"Lima","Pérou",22.3113359528487,12.4286382113821,20.31,23,17,20,6,83
2025-04-28,"Lima",NA,22.3113359528487,12.4286382113821,18.9690175438596,21,18,19.5,3,84
2025-04-29,"Lima",NA,22.3113359528487,12.4286382113821,18.9690175438596,22,17,19.5,5,85
2025-04-30,"Lima",NA,22.3113359528487,12.4286382113821,18.9690175438596,21,17,19,4,84
2025-05-01,"Lima",NA,22.3113359528487,12.4286382113821,18.9690175438596,22,17,19.5,5,85
2025-05-02,"Lima",NA,22.3113359528487,12.4286382113821,18.9690175438596,22,17,19.5,5,87
2025-05-03,"Lima","Pérou",16.36,33.26,14.55,22,17,19.5,5,86
2025-05-04,"Lima","Pérou",22.18,36.7,17.96,22,17,19.5,5,88
2025-05-05,"Lima","Pérou",31.9,12.01,23.53,22,16,19,6,85
2025-05-06,"Lima","Pérou",32.76,8.55,16.06,23,17,20,6,82
2025-05-07,"Lima","Pérou",29.45,32,31.05,22,17,19.5,5,84
2025-05-08,"Lima","Pérou",24.04,27.65,19.17,21,17,19,4,90
2025-05-09,"Lima","Pérou",29.6,20.96,26.68,20,17,18.5,3,89
2025-05-10,"Lima","Pérou",37.62,25.86,39.32,21,16,18.5,5,85
2025-05-11,"Lima","Pérou",29.53,31.32,33.32,21,16,18.5,5,86
2025-05-12,"Lima","Pérou",18.42,37.02,18.37,22,16,19,6,87
2025-05-13,"Lima","Pérou",18.47,41.55,17.95,21,16,18.5,5,87
2025-05-14,"Lima","Pérou",30.02,28.44,35.23,21,16,18.5,5,86
2025-05-15,"Lima","Pérou",31.5,22.92,25.08,23,15,19,8,87
2025-05-16,"Lima","Pérou",29.36,24.54,26.42,23,16,19.5,7,86
2025-05-17,"Lima","Pérou",24.2,18.67,22.62,23,16,19.5,7,85
2025-05-18,"Lima","Pérou",29.19,19.62,28.29,22,17,19.5,5,88
2025-05-19,"Lima","Pérou",27.3,21.81,20.6,22,17,19.5,5,86
2025-05-20,"Lima","Pérou",31.69,17.04,23.07,21,16,18.5,5,88
2025-05-21,"Lima","Pérou",28.95,33.64,26.59,22,17,19.5,5,86
2025-05-22,"Lima","Pérou",29.62,29.62,26.49,21,16,18.5,5,88
2025-05-23,"Lima","Pérou",25.75,32.92,24.73,21,16,18.5,5,85
2025-05-24,"Lima","Pérou",24.9,39.71,25.34,21,15,18,6,88
2025-05-25,"Lima","Pérou",24.21,36.48,26.78,20,15,17.5,5,80
2025-05-26,"Lima","Pérou",21.32,35.9,16.42,19,15,17,4,86
2025-05-27,"Lima","Pérou",34.58,17.15,30.55,20,16,18,4,84
2025-05-28,"Lima","Pérou",36.61,19.94,38.29,21,17,19,4,83
2025-05-29,"Lima","Pérou",29.16,27.93,26.15,20,15,17.5,5,86
2025-05-30,"Lima","Pérou",27.37,33,20.94,20,15,17.5,5,87
2025-05-31,"Lima","Pérou",30.68,24.07,27.44,20,15,17.5,5,84
2023-09-01,"Sofia","Bulgarie",17.53,52.67,7.38,28,12,20,16,78
2023-09-02,"Sofia","Bulgarie",19.61,55.4,61.05,29,15,22,14,67
2023-09-03,"Sofia","Bulgarie",17.65,60.16,39.18,30,15,22.5,15,63
2023-09-04,"Sofia","Bulgarie",16.62,35.94,17.31,17,8,12.5,9,91
2023-09-05,"Sofia","Bulgarie",13.31,44.45,7.59,21,7,14,14,93
2023-09-06,"Sofia","Bulgarie",15.61,48.15,10.72,25,10,17.5,15,80
2023-09-07,"Sofia","Bulgarie",25.2,49.57,11.4,25,11,18,14,78
2023-09-08,"Sofia","Bulgarie",17.44,57.55,8.58,25,9,17,16,78
2023-09-09,"Sofia","Bulgarie",23.87,44.46,5.4,26,7,16.5,19,77
2023-09-10,"Sofia","Bulgarie",27.07,45.68,8.12,27,7,17,20,46
2023-09-11,"Sofia","Bulgarie",25.8,45.28,7.39,27,6,16.5,21,65
2023-09-12,"Sofia","Bulgarie",44.92,39.43,10.68,28,11,19.5,17,57
2023-09-13,"Sofia","Bulgarie",47.45,41.07,14.16,30,14,22,16,53
2023-09-14,"Sofia","Bulgarie",36.06,46.82,19.27,30,11,20.5,19,52
2023-09-15,"Sofia","Bulgarie",14.42,66.26,15.97,29,15,22,14,50
2023-09-16,"Sofia","Bulgarie",18.91,44.68,12.33,24,12,18,12,95
2023-09-17,"Sofia","Bulgarie",15.57,51.84,12.06,25,10,17.5,15,88
2023-09-18,"Sofia","Bulgarie",18.65,51.95,6.56,25,8,16.5,17,91
2023-09-19,"Sofia","Bulgarie",31.64,41.25,7.85,24,8,16,16,80
2023-09-20,"Sofia","Bulgarie",28.61,29.17,8.65,28,14,21,14,83
2023-09-21,"Sofia","Bulgarie",31.05,28.63,10.58,26,12,19,14,65
2023-09-22,"Sofia","Bulgarie",26.15,30.3,14.31,29,13,21,16,78
2023-09-23,"Sofia","Bulgarie",29.8,29.36,15.65,32,18,25,14,59
2023-09-24,"Sofia","Bulgarie",24.17,34.53,10.26,30,14,22,16,49
2023-09-25,"Sofia","Bulgarie",16.34,54.01,5.75,23,10,16.5,13,85
2023-09-26,"Sofia","Bulgarie",19,48.93,16.18,25,8,16.5,17,74
2023-09-27,"Sofia","Bulgarie",23.65,42.44,8.98,23,7,15,16,66
2023-09-28,"Sofia","Bulgarie",29.4,33.98,6.83,23,6,14.5,17,65
2023-09-29,"Sofia","Bulgarie",36.31,31,10.1,24,6,15,18,74
2023-09-30,"Sofia","Bulgarie",31.03,39.2,10.3,24,7,15.5,17,65
2023-10-01,"Sofia","Bulgarie",12.63,57.03,14.1,23,6,14.5,17,62
2023-10-02,"Sofia","Bulgarie",13.7,51.77,6.68,21,5,13,16,84
2023-10-03,"Sofia","Bulgarie",44.08,22.82,12.27,23,4,13.5,19,74
2023-10-04,"Sofia","Bulgarie",39.42,33.53,14.68,25,5,15,20,62
2023-10-05,"Sofia","Bulgarie",30.59,45.9,13.54,25,7,16,18,62
2023-10-06,"Sofia","Bulgarie",19.98,48.32,7.94,22,7,14.5,15,76
2023-10-07,"Sofia","Bulgarie",26.73,45.32,8.54,22,4,13,18,57
2023-10-08,"Sofia","Bulgarie",18.76,45.31,8.14,23,6,14.5,17,43
2023-10-09,"Sofia","Bulgarie",25.15,40.03,5.23,19,3,11,16,86
2023-10-10,"Sofia","Bulgarie",22.24,38.74,5.89,17,4,10.5,13,63
2023-10-11,"Sofia","Bulgarie",27.76,30.45,6.04,20,4,12,16,87
2023-10-12,"Sofia","Bulgarie",55.79,20.34,11.98,23,4,13.5,19,77
2023-10-13,"Sofia","Bulgarie",56.25,20.61,17.8,25,6,15.5,19,63
2023-10-14,"Sofia","Bulgarie",50.53,27.02,11.38,25,7,16,18,56
2023-10-15,"Sofia","Bulgarie",34.02,36.22,13.34,25,7,16,18,62
2023-10-16,"Sofia","Bulgarie",19.75,40.7,0.33,14,1,7.5,13,86
2023-10-17,"Sofia","Bulgarie",26.48,31.34,3.33,12,2,7,10,93
2023-10-18,"Sofia","Bulgarie",27.68,25.82,8.6,15,3,9,12,90
2023-10-19,"Sofia","Bulgarie",37.92,15.31,9.49,19,2,10.5,17,74
2023-10-20,"Sofia","Bulgarie",38.44,19.34,9.93,24,7,15.5,17,70
2023-10-21,"Sofia","Bulgarie",23.72,33.74,7.35,25,12,18.5,13,58
2023-10-22,"Sofia","Bulgarie",20.19,39.64,6.65,24,10,17,14,62
2023-10-23,"Sofia","Bulgarie",42.73,18.19,6.85,22,8,15,14,73
2023-10-24,"Sofia","Bulgarie",59.14,14.66,8.29,23,8,15.5,15,66
2023-10-25,"Sofia","Bulgarie",35.98,22.43,5.46,23,12,17.5,11,57
2023-10-26,"Sofia","Bulgarie",22.31,28.16,3.21,20,8,14,12,75
2023-10-27,"Sofia","Bulgarie",21.91,35.51,2.82,22,8,15,14,78
2023-10-28,"Sofia","Bulgarie",29.82,28.7,5.29,22,9,15.5,13,74
2023-10-29,"Sofia","Bulgarie",41.5,22.69,5.3,22,6,14,16,71
2023-10-30,"Sofia","Bulgarie",54.27,17.66,5.78,22,6,14,16,67
2023-10-31,"Sofia","Bulgarie",55.16,14.28,9.68,23,7,15,16,56
2023-11-01,"Sofia","Bulgarie",31.22,18.24,5.37,19,5,12,14,82
2023-11-02,"Sofia","Bulgarie",42.18,6.32,12.33,18,7,12.5,11,69
2023-11-03,"Sofia","Bulgarie",36.51,10.08,9.64,20,10,15,10,71
2023-11-04,"Sofia","Bulgarie",18.44,36.08,1.23,18,3,10.5,15,92
2023-11-05,"Sofia","Bulgarie",13.42,41.28,1.34,17,2,9.5,15,78
2023-11-06,"Sofia","Bulgarie",39.02,17.07,9.05,18,5,11.5,13,87
2023-11-07,"Sofia","Bulgarie",48.93,7.15,11.31,19,8,13.5,11,65
2023-11-08,"Sofia","Bulgarie",47.18,2.14,8.46,19,2,10.5,17,73
2023-11-09,"Sofia","Bulgarie",44.32,13.17,19.98,12,-1,5.5,13,80
2023-11-10,"Sofia","Bulgarie",37.34,10.88,12.4,14,2,8,12,77
2023-11-11,"Sofia","Bulgarie",20.07,33.98,2.65,12,2,7,10,87
2023-11-12,"Sofia","Bulgarie",35.06,14.02,8.64,12,-1,5.5,13,80
2023-11-13,"Sofia","Bulgarie",38.36,14.01,7.31,8,0,4,8,95
2023-11-14,"Sofia","Bulgarie",48.82,4.23,14.08,16,1,8.5,15,66
2023-11-15,"Sofia","Bulgarie",32.85,17.6,3.82,17,2,9.5,15,74
2023-11-16,"Sofia","Bulgarie",24.89,27.02,2.82,11,0,5.5,11,85
2023-11-17,"Sofia","Bulgarie",38.27,10.14,6.36,13,1,7,12,61
2023-11-18,"Sofia","Bulgarie",9.5,25.72,1.54,3,-5,-1,8,88
2023-11-19,"Sofia","Bulgarie",13.59,26.33,6.2,6,-6,0,12,85
2023-11-20,"Sofia","Bulgarie",36.32,18.23,4.59,11,-4,3.5,15,74
2023-11-21,"Sofia","Bulgarie",54,2.62,21.06,11,-1,5,12,78
2023-11-22,"Sofia","Bulgarie",39.16,3.36,9.28,11,7,9,4,80
2023-11-23,"Sofia","Bulgarie",23.16,4.63,3.52,9,7,8,2,94
2023-11-24,"Sofia","Bulgarie",31.94,6.15,5.85,14,7,10.5,7,91
2023-11-25,"Sofia","Bulgarie",19.5,28.81,0.72,7,-6,0.5,13,100
2023-11-26,"Sofia","Bulgarie",10,37.96,7.03,-2,-13,-7.5,11,93
2023-11-27,"Sofia","Bulgarie",27.71,27.31,6.71,-1,-15,-8,14,93
2023-11-28,"Sofia","Bulgarie",43.72,17.18,7.75,3,-10,-3.5,13,100
2023-11-29,"Sofia","Bulgarie",21.53,19.63,1.67,4,-4,0,8,100
2023-11-30,"Sofia","Bulgarie",36.96,3.95,12.83,7,-3,2,10,96
2023-12-01,"Sofia","Bulgarie",37.78,18.64,6.53,14,-1,6.5,15,91
2023-12-02,"Sofia","Bulgarie",21.45,42.53,1.61,14,4,9,10,74
2023-12-03,"Sofia","Bulgarie",11.06,31.89,3.45,12,0,6,12,95
2023-12-04,"Sofia","Bulgarie",27.89,19.25,9.7,5,-6,-0.5,11,81
2023-12-05,"Sofia","Bulgarie",31.32,15.32,4.52,7,-4,1.5,11,87
2023-12-06,"Sofia","Bulgarie",29.91,12.59,1.34,6,-1,2.5,7,90
2023-12-07,"Sofia","Bulgarie",24.33,9.63,2.69,4,-5,-0.5,9,99
2023-12-08,"Sofia","Bulgarie",20.49,19.45,7.09,3,-6,-1.5,9,92
2023-12-09,"Sofia","Bulgarie",31.22,13.38,5.56,4,-3,0.5,7,91
2023-12-10,"Sofia","Bulgarie",37.3,9.38,4.63,6,-5,0.5,11,83
2023-12-11,"Sofia","Bulgarie",34.91,20.56,6.61,7,-6,0.5,13,89
2023-12-12,"Sofia","Bulgarie",46.65,9.87,10.73,9,-3,3,12,82
2023-12-13,"Sofia","Bulgarie",46.2,3.13,16.63,11,-2,4.5,13,82
2023-12-14,"Sofia","Bulgarie",28.7,21.25,3.17,14,8,11,6,68
2023-12-15,"Sofia","Bulgarie",23.18,17.97,1.31,5,1,3,4,100
2023-12-16,"Sofia","Bulgarie",20.12,23.97,3.17,1,-7,-3,8,95
2023-12-17,"Sofia","Bulgarie",21.25,18.94,6.21,0,-11,-5.5,11,91
2023-12-18,"Sofia","Bulgarie",47.54,7.67,14.55,5,-5,0,10,87
2023-12-19,"Sofia","Bulgarie",61.38,2.58,32.54,9,-1,4,10,77
2023-12-20,"Sofia","Bulgarie",61.51,2.45,40.25,10,2,6,8,75
2023-12-21,"Sofia","Bulgarie",31.9,17.15,14.88,5,-1,2,6,87
2023-12-22,"Sofia","Bulgarie",30.69,22.51,11.53,4,-5,-0.5,9,99
2023-12-23,"Sofia","Bulgarie",16.6,36.08,3.42,6,-7,-0.5,13,84
2023-12-24,"Sofia","Bulgarie",10.16,47.68,2.18,9,-3,3,12,86
2023-12-25,"Sofia","Bulgarie",37.09,14.35,16.5,12,-1,5.5,13,71
2023-12-26,"Sofia","Bulgarie",45.21,6.59,21.86,12,0,6,12,60
2023-12-27,"Sofia","Bulgarie",26.68,30.29,9.26,11,-1,5,12,75
2023-12-28,"Sofia","Bulgarie",51.67,3.76,31.86,13,0,6.5,13,68
2023-12-29,"Sofia","Bulgarie",51.79,3.86,34.14,12,-1,5.5,13,62
2023-12-30,"Sofia","Bulgarie",40.35,11.06,23.77,10,-1,4.5,11,64
2023-12-31,"Sofia","Bulgarie",37.9,11.62,25.04,11,0,5.5,11,65
2024-01-01,"Sofia","Bulgarie",40.13,7.47,44.5,11,-1,5,12,73
2024-01-02,"Sofia","Bulgarie",27.24,22.53,11.11,8,-1,3.5,9,90
2024-01-03,"Sofia","Bulgarie",37.6,10.33,16.52,8,-2,3,10,85
2024-01-04,"Sofia","Bulgarie",30.42,24.46,7.22,11,-2,4.5,13,83
2024-01-05,"Sofia","Bulgarie",45.78,10.33,19.86,11,-2,4.5,13,79
2024-01-06,"Sofia","Bulgarie",49.03,4.31,29.72,12,6,9,6,65
2024-01-07,"Sofia","Bulgarie",39.04,13.14,18.66,9,6,7.5,3,97
2024-01-08,"Sofia","Bulgarie",14.25,20.97,5.78,5,-1,2,6,96
2024-01-09,"Sofia","Bulgarie",17.61,26.22,7.03,0,-10,-5,10,96
2024-01-10,"Sofia","Bulgarie",44.95,23.17,32.83,1,-11,-5,12,70
2024-01-11,"Sofia","Bulgarie",37.62,19.7,25.69,3,-9,-3,12,75
2024-01-12,"Sofia","Bulgarie",18.68,34.04,27.01,0,-8,-4,8,73
2024-01-13,"Sofia","Bulgarie",14.03,37.46,19.11,-1,-12,-6.5,11,86
2024-01-14,"Sofia","Bulgarie",52.54,7.87,44,5,-9,-2,14,62
2024-01-15,"Sofia","Bulgarie",59.21,5.6,56.76,6,-7,-0.5,13,58
2024-01-16,"Sofia","Bulgarie",27.99,27.19,12.4,3,-6,-1.5,9,99
2024-01-17,"Sofia","Bulgarie",47.84,5.74,34.89,9,-5,2,14,86
2024-01-18,"Sofia","Bulgarie",28.02,28.78,11.28,11,0,5.5,11,92
2024-01-19,"Sofia","Bulgarie",27.18,27.71,6.86,12,1,6.5,11,88
2024-01-20,"Sofia","Bulgarie",19.54,31.3,7.37,2,-3,-0.5,5,97
2024-01-21,"Sofia","Bulgarie",24.14,37.5,15.3,-1,-12,-6.5,11,93
2024-01-22,"Sofia","Bulgarie",54.59,14.21,52.78,-1,-16,-8.5,15,86
2024-01-23,"Sofia","Bulgarie",60.49,17.73,46.91,2,-11,-4.5,13,75
2024-01-24,"Sofia","Bulgarie",29.21,34.44,13.31,2,-8,-3,10,90
2024-01-25,"Sofia","Bulgarie",21.48,41.13,6.57,6,-5,0.5,11,89
2024-01-26,"Sofia","Bulgarie",12.33,50.88,5.09,4,-6,-1,10,94
2024-01-27,"Sofia","Bulgarie",10.26,48.77,3.91,4,-8,-2,12,93
2024-01-28,"Sofia","Bulgarie",10.84,37.33,9.25,2,-8,-3,10,85
2024-01-29,"Sofia","Bulgarie",19.82,32.15,7.32,3,-8,-2.5,11,90
2024-01-30,"Sofia","Bulgarie",23.34,37.35,9.56,3,-10,-3.5,13,83
2024-01-31,"Sofia","Bulgarie",60.93,7.02,38.3,6,-9,-1.5,15,58
2024-02-01,"Sofia","Bulgarie",47.5,16.44,18.16,7,-7,0,14,48
2024-02-02,"Sofia","Bulgarie",19.63,30.93,12.67,4,-4,0,8,82
2024-02-03,"Sofia","Bulgarie",11.01,44.87,3.61,5,-6,-0.5,11,82
2024-02-04,"Sofia","Bulgarie",10.22,46.96,3.86,8,-1,3.5,9,89
2024-02-05,"Sofia","Bulgarie",30.15,31.32,9.55,12,-2,5,14,77
2024-02-06,"Sofia","Bulgarie",45.87,24.15,15.7,15,0,7.5,15,54
2024-02-07,"Sofia","Bulgarie",32.4,34.61,11.97,13,1,7,12,60
2024-02-08,"Sofia","Bulgarie",51.61,15.66,18.14,13,0,6.5,13,61
2024-02-09,"Sofia","Bulgarie",48.23,17.12,18.9,14,-1,6.5,15,64
2024-02-10,"Sofia","Bulgarie",30.95,33.77,11.01,13,6,9.5,7,67
2024-02-11,"Sofia","Bulgarie",14.1,49.8,4.25,13,7,10,6,60
2024-02-12,"Sofia","Bulgarie",27.55,33.45,7.47,8,5,6.5,3,97
2024-02-13,"Sofia","Bulgarie",14.49,32.7,2.98,7,2,4.5,5,96
2024-02-14,"Sofia","Bulgarie",15.42,34.08,8.59,4,-4,0,8,96
2024-02-15,"Sofia","Bulgarie",24.26,34.16,11.5,7,-6,0.5,13,85
2024-02-16,"Sofia","Bulgarie",39.94,21.19,15.58,9,-5,2,14,78
2024-02-17,"Sofia","Bulgarie",51.03,12.19,24.12,10,1,5.5,9,77
2024-02-18,"Sofia","Bulgarie",25.19,29.24,24.53,7,0,3.5,7,78
2024-02-19,"Sofia","Bulgarie",32.62,17.25,27.04,9,-2,3.5,11,82
2024-02-20,"Sofia","Bulgarie",21.77,30.55,19.87,8,0,4,8,73
2024-02-21,"Sofia","Bulgarie",16.86,38.39,9.34,8,0,4,8,94
2024-02-22,"Sofia","Bulgarie",46.12,13.16,18.62,11,-4,3.5,15,83
2024-02-23,"Sofia","Bulgarie",19.61,47.24,7.66,13,0,6.5,13,78
2024-02-24,"Sofia","Bulgarie",15.92,53.42,4.49,13,6,9.5,7,81
2024-02-25,"Sofia","Bulgarie",34.04,26.84,10.48,12,6,9,6,87
2024-02-26,"Sofia","Bulgarie",34.21,22.83,14.7,12,3,7.5,9,87
2024-02-27,"Sofia","Bulgarie",38.29,24.06,17.76,15,6,10.5,9,82
2024-02-28,"Sofia","Bulgarie",34.63,23.61,23.88,14,7,10.5,7,84
2024-02-29,"Sofia","Bulgarie",34.88,23.25,20.41,15,8,11.5,7,83
2024-03-01,"Sofia","Bulgarie",31.61,30.19,23.15,11,4,7.5,7,76
2024-03-02,"Sofia","Bulgarie",31.13,18.79,21.6,8,1,4.5,7,85
2024-03-03,"Sofia","Bulgarie",30.18,18.46,18.29,13,-2,5.5,15,89
2024-03-04,"Sofia","Bulgarie",19.94,31.57,16.51,13,5,9,8,81
2024-03-05,"Sofia","Bulgarie",25.92,32.09,14.97,8,3,5.5,5,89
2024-03-06,"Sofia","Bulgarie",34.82,24.22,15.09,12,-1,5.5,13,87
2024-03-07,"Sofia","Bulgarie",27.27,25.99,7.34,10,0,5,10,94
2024-03-08,"Sofia","Bulgarie",26.22,25.67,5.15,7,-3,2,10,93
2024-03-09,"Sofia","Bulgarie",24.97,23.61,15.6,10,-2,4,12,86
2024-03-10,"Sofia","Bulgarie",24.73,27.8,17.35,15,1,8,14,90
2024-03-11,"Sofia","Bulgarie",25.91,23.47,19.14,16,7,11.5,9,76
2024-03-12,"Sofia",NA,26.6328571428571,22.0328571428571,18.8528571428571,11,2,6.5,9,94
2024-03-13,"Sofia",NA,27.3557142857143,20.5957142857143,18.5657142857143,9,-1,4,10,93
2024-03-14,"Sofia",NA,28.0785714285714,19.1585714285714,18.2785714285714,9,-1,4,10,86
2024-03-15,"Sofia",NA,28.8014285714286,17.7214285714286,17.9914285714286,10,-3,3.5,13,83
2024-03-16,"Sofia",NA,29.5242857142857,16.2842857142857,17.7042857142857,13,2,7.5,11,77
2024-03-17,"Sofia",NA,30.2471428571429,14.8471428571429,17.4171428571429,12,0,6,12,84
2024-03-18,"Sofia","Bulgarie",30.97,13.41,17.13,13,-1,6,14,80
2024-03-19,"Sofia",NA,29.416,22.084,14.97,10,-3,3.5,13,95
2024-03-20,"Sofia",NA,27.862,30.758,12.81,9,-6,1.5,15,81
2024-03-21,"Sofia",NA,26.308,39.432,10.65,12,-4,4,16,76
2024-03-22,"Sofia",NA,24.754,48.106,8.49,12,-3,4.5,15,71
2024-03-23,"Sofia","Bulgarie",23.2,56.78,6.33,13,-2,5.5,15,85
2024-03-24,"Sofia","Bulgarie",19.38,46.41,8.44,16,0,8,16,81
2024-03-25,"Sofia","Bulgarie",13.21,50.17,3.59,7,-2,2.5,9,98
2024-03-26,"Sofia","Bulgarie",33.43,35.92,8.17,12,-2,5,14,65
2024-03-27,"Sofia","Bulgarie",26.34,29.88,13.11,17,6,11.5,11,92
2024-03-28,"Sofia","Bulgarie",21.88,44.48,10.2,17,3,10,14,83
2024-03-29,"Sofia","Bulgarie",28,43.66,7.66,20,3,11.5,17,60
2024-03-30,"Sofia","Bulgarie",35.05,32.91,9.79,21,7,14,14,67
2024-03-31,"Sofia","Bulgarie",34.79,33.07,15.18,23,6,14.5,17,61
2024-04-01,"Sofia","Bulgarie",28.12,41.45,15.14,25,12,18.5,13,54
2024-04-02,"Sofia","Bulgarie",8.77,68.83,9.91,18,9,13.5,9,53
2024-04-03,"Sofia","Bulgarie",25.28,48.66,4.12,18,1,9.5,17,75
2024-04-04,"Sofia","Bulgarie",21.5,48.26,6.5,17,2,9.5,15,61
2024-04-05,"Sofia","Bulgarie",33.52,37.18,7.35,19,2,10.5,17,73
2024-04-06,"Sofia","Bulgarie",32.05,38.38,8.43,21,4,12.5,17,64
2024-04-07,"Sofia","Bulgarie",13.31,63.39,5.46,18,5,11.5,13,68
2024-04-08,"Sofia","Bulgarie",25.42,49.41,3.58,21,2,11.5,19,74
2024-04-09,"Sofia","Bulgarie",38.32,40.71,8.42,22,5,13.5,17,60
2024-04-10,"Sofia","Bulgarie",30.34,51.34,7.58,23,8,15.5,15,62
2024-04-11,"Sofia","Bulgarie",25.14,54.22,8.46,22,8,15,14,63
2024-04-12,"Sofia","Bulgarie",30.52,50.15,12.68,22,8,15,14,70
2024-04-13,"Sofia","Bulgarie",16.63,56.29,12.94,22,9,15.5,13,82
2024-04-14,"Sofia","Bulgarie",19.57,50.62,9.49,23,7,15,16,80
2024-04-15,"Sofia","Bulgarie",25.88,47.78,12.48,26,10,18,16,56
2024-04-16,"Sofia","Bulgarie",25.55,49.13,19.32,24,10,17,14,64
2024-04-17,"Sofia","Bulgarie",16.17,42.81,5.47,18,6,12,12,85
2024-04-18,"Sofia","Bulgarie",11.57,45.91,3.28,10,0,5,10,94
2024-04-19,"Sofia","Bulgarie",16.99,47.21,4.61,11,1,6,10,84
2024-04-20,"Sofia","Bulgarie",12.25,57.39,6.74,12,0,6,12,86
2024-04-21,"Sofia","Bulgarie",15.6,35.32,7.8,14,3,8.5,11,90
2024-04-22,"Sofia","Bulgarie",16.75,42.72,5.17,15,0,7.5,15,92
2024-04-23,"Sofia","Bulgarie",21.84,29.92,6.71,11,8,9.5,3,94
2024-04-24,"Sofia","Bulgarie",16.04,40.96,7.5,18,7,12.5,11,94
2024-04-25,"Sofia","Bulgarie",14.48,40.33,7.06,9,3,6,6,97
2024-04-26,"Sofia","Bulgarie",23.07,39.06,7.29,15,3,9,12,90
2024-04-27,"Sofia","Bulgarie",22.99,36.82,9.21,17,3,10,14,69
2024-04-28,"Sofia","Bulgarie",17.54,48.38,6.69,19,5,12,14,85
2024-04-29,"Sofia","Bulgarie",21.7,48.33,7.32,19,6,12.5,13,82
2024-04-30,"Sofia","Bulgarie",14.43,44.45,4.4,17,8,12.5,9,85
2024-05-01,"Sofia","Bulgarie",10.77,47.99,2.74,18,8,13,10,89
2024-05-02,"Sofia","Bulgarie",14.34,44.57,6.95,18,11,14.5,7,92
2024-05-03,"Sofia","Bulgarie",10.21,45.33,2.04,13,4,8.5,9,94
2024-05-04,"Sofia","Bulgarie",12.51,39.25,6.06,13,2,7.5,11,96
2024-05-05,"Sofia","Bulgarie",18.55,33.26,6.72,19,1,10,18,90
2024-05-06,"Sofia","Bulgarie",17.89,36.06,9.9,21,3,12,18,82
2024-05-07,"Sofia","Bulgarie",22.66,35.23,10.41,21,7,14,14,77
2024-05-08,"Sofia","Bulgarie",22.38,33.53,8.09,20,12,16,8,84
2024-05-09,"Sofia","Bulgarie",19.33,28.7,6.46,15,9,12,6,97
2024-05-10,"Sofia","Bulgarie",23.44,27.11,3.26,11,4,7.5,7,96
2024-05-11,"Sofia","Bulgarie",19.62,37.05,5.21,17,1,9,16,92
2024-05-12,"Sofia","Bulgarie",20.21,38.24,5.97,18,4,11,14,78
2024-05-13,"Sofia","Bulgarie",15.31,42.75,4.57,17,4,10.5,13,96
2024-05-14,"Sofia","Bulgarie",17.51,40.53,7.89,13,4,8.5,9,89
2024-05-15,"Sofia","Bulgarie",19.92,34.02,5.86,11,7,9,4,97
2024-05-16,"Sofia","Bulgarie",20.68,29.85,7.88,17,6,11.5,11,95
2024-05-17,"Sofia","Bulgarie",17.1,36.52,9.15,22,5,13.5,17,94
2024-05-18,"Sofia","Bulgarie",19.7,37.9,14.54,24,9,16.5,15,91
2024-05-19,"Sofia","Bulgarie",16.39,29.25,10.78,23,12,17.5,11,92
2024-05-20,"Sofia","Bulgarie",18.32,24.81,6.83,22,12,17,10,92
2024-05-21,"Sofia","Bulgarie",15.7,42.44,8.56,24,11,17.5,13,93
2024-05-22,"Sofia","Bulgarie",23.6,30.15,10.28,24,10,17,14,88
2024-05-23,"Sofia","Bulgarie",14.75,40.93,4.93,18,6,12,12,92
2024-05-24,"Sofia","Bulgarie",13.3,50.51,7.19,19,7,13,12,92
2024-05-25,"Sofia","Bulgarie",16.29,42.79,7.82,21,4,12.5,17,89
2024-05-26,"Sofia","Bulgarie",12.55,55.69,6.6,20,6,13,14,92
2024-05-27,"Sofia","Bulgarie",20.84,44.82,9.01,20,3,11.5,17,83
2024-05-28,"Sofia","Bulgarie",22.43,37.82,8.96,20,3,11.5,17,77
2024-05-29,"Sofia","Bulgarie",18.77,36.33,10,20,6,13,14,87
2024-05-30,"Sofia","Bulgarie",21.81,38.42,9.22,22,5,13.5,17,82
2024-05-31,"Sofia","Bulgarie",22.68,32.48,8.34,23,8,15.5,15,81
2024-06-01,"Sofia","Bulgarie",22.04,30.79,12,25,10,17.5,15,80
2024-06-02,"Sofia","Bulgarie",26.45,27.2,11.41,28,11,19.5,17,85
2024-06-03,"Sofia","Bulgarie",29.01,22.33,14.11,29,15,22,14,74
2024-06-04,"Sofia","Bulgarie",16.29,43.98,10.12,27,14,20.5,13,82
2024-06-05,"Sofia","Bulgarie",14.91,53.07,8.27,26,13,19.5,13,70
2024-06-06,"Sofia","Bulgarie",18.65,64.88,6.74,25,9,17,16,87
2024-06-07,"Sofia","Bulgarie",25.04,52.03,19.45,26,10,18,16,78
2024-06-08,"Sofia","Bulgarie",21.97,46.97,16.86,27,11,19,16,83
2024-06-09,"Sofia","Bulgarie",23.86,49.77,16.71,29,12,20.5,17,76
2024-06-10,"Sofia","Bulgarie",24.47,52.3,21.14,31,16,23.5,15,68
2024-06-11,"Sofia","Bulgarie",19.74,58.34,18.96,30,17,23.5,13,73
2024-06-12,"Sofia","Bulgarie",25.14,56.38,14.42,31,17,24,14,64
2024-06-13,"Sofia","Bulgarie",14.8,59.72,12.1,29,17,23,12,80
2024-06-14,"Sofia","Bulgarie",10.46,58.92,6.24,22,11,16.5,11,92
2024-06-15,"Sofia","Bulgarie",14.15,57.99,6.57,25,6,15.5,19,71
2024-06-16,"Sofia","Bulgarie",22.37,48.4,10.61,28,14,21,14,73
2024-06-17,"Sofia","Bulgarie",25.37,52.67,13.43,28,11,19.5,17,76
2024-06-18,"Sofia","Bulgarie",25.5,51.44,16.23,30,13,21.5,17,80
2024-06-19,"Sofia","Bulgarie",24.55,60.68,15.79,31,14,22.5,17,76
2024-06-20,"Sofia","Bulgarie",24.8,46,23.23,32,16,24,16,67
2024-06-21,"Sofia","Bulgarie",20.77,63.86,22.15,33,16,24.5,17,65
2024-06-22,"Sofia","Bulgarie",18.92,69.62,15.64,33,17,25,16,71
2024-06-23,"Sofia","Bulgarie",15.58,76.2,9,33,14,23.5,19,71
2024-06-24,"Sofia","Bulgarie",15.1,72.46,10.48,31,16,23.5,15,82
2024-06-25,"Sofia","Bulgarie",18.91,63.96,11.74,30,15,22.5,15,81
2024-06-26,"Sofia","Bulgarie",14.19,69.69,13.36,31,12,21.5,19,77
2024-06-27,"Sofia","Bulgarie",15.28,55.23,1.92,27,11,19,16,88
2024-06-28,"Sofia","Bulgarie",19.58,41.09,3.44,24,9,16.5,15,93
2024-06-29,"Sofia","Bulgarie",18.85,51.42,11.45,29,9,19,20,81
2024-06-30,"Sofia","Bulgarie",22.68,53.54,13.22,31,11,21,20,68
2024-07-01,"Sofia","Bulgarie",31.64,64.51,13.89,32,12,22,20,65
2024-07-02,"Sofia","Bulgarie",18.65,65.36,11.85,32,16,24,16,62
2024-07-03,"Sofia","Bulgarie",8.3,55.35,4.22,22,9,15.5,13,94
2024-07-04,"Sofia","Bulgarie",10.69,63.19,6.66,24,7,15.5,17,80
2024-07-05,"Sofia","Bulgarie",11.45,65.35,8.03,27,6,16.5,21,79
2024-07-06,"Sofia","Bulgarie",17.87,65.96,8.61,30,10,20,20,67
2024-07-07,"Sofia","Bulgarie",13.62,69.99,7.88,32,14,23,18,64
2024-07-08,"Sofia","Bulgarie",17.91,63.75,10.26,34,15,24.5,19,61
2024-07-09,"Sofia","Bulgarie",24.4,62.44,9.4,32,13,22.5,19,56
2024-07-10,"Sofia","Bulgarie",26.08,76.83,10.74,33,13,23,20,50
2024-07-11,"Sofia","Bulgarie",28.11,79.86,12.36,35,13,24,22,61
2024-07-12,"Sofia","Bulgarie",29.74,82.42,12.49,35,14,24.5,21,49
2024-07-13,"Sofia","Bulgarie",23.49,76.55,13.62,35,13,24,22,47
2024-07-14,"Sofia","Bulgarie",21.28,81.37,13.76,36,14,25,22,49
2024-07-15,"Sofia","Bulgarie",31.18,67.3,13.18,36,14,25,22,47
2024-07-16,"Sofia","Bulgarie",28.09,77.89,11.91,36,14,25,22,41
2024-07-17,"Sofia","Bulgarie",24.86,80.9,14.58,36,15,25.5,21,51
2024-07-18,"Sofia","Bulgarie",26.36,82.29,17.08,36,16,26,20,45
2024-07-19,"Sofia","Bulgarie",19.59,92.55,11.71,35,16,25.5,19,50
2024-07-20,"Sofia","Bulgarie",22.93,74.45,11.61,34,15,24.5,19,58
2024-07-21,"Sofia","Bulgarie",18.01,72.76,13.82,33,14,23.5,19,69
2024-07-22,"Sofia","Bulgarie",15.38,74.35,16.58,33,17,25,16,65
2024-07-23,"Sofia","Bulgarie",22.99,54.04,10.74,31,13,22,18,68
2024-07-24,"Sofia","Bulgarie",20.79,58.56,6.07,31,12,21.5,19,68
2024-07-25,"Sofia","Bulgarie",9.11,74.88,4.88,27,12,19.5,15,89
2024-07-26,"Sofia","Bulgarie",10.94,77.76,2.67,28,10,19,18,61
2024-07-27,"Sofia","Bulgarie",16.89,70.47,4.4,30,9,19.5,21,60
2024-07-28,"Sofia","Bulgarie",23.25,77.2,8.89,32,11,21.5,21,59
2024-07-29,"Sofia","Bulgarie",16.47,71.47,9.11,34,13,23.5,21,50
2024-07-30,"Sofia","Bulgarie",8.32,80.2,3.37,30,12,21,18,46
2024-07-31,"Sofia","Bulgarie",30.71,54.65,8.48,31,9,20,22,50
2024-08-01,"Sofia","Bulgarie",31.71,66.49,8.97,32,10,21,22,49
2024-08-02,"Sofia","Bulgarie",29.16,67.57,11.13,35,12,23.5,23,46
2024-08-03,"Sofia",NA,18.29,74.79,7.98,34,15,24.5,19,45
2024-08-04,"Sofia","Bulgarie",7.42,82.01,4.83,31,11,21,20,84
2024-08-05,"Sofia","Bulgarie",25.25,60.7,5.09,30,11,20.5,19,52
2024-08-06,"Sofia","Bulgarie",14.93,60.52,8.59,29,11,20,18,60
2024-08-07,"Sofia","Bulgarie",13.05,68.85,6.06,31,9,20,22,54
2024-08-08,"Sofia","Bulgarie",26.62,79.64,5.96,33,11,22,22,51
2024-08-09,"Sofia","Bulgarie",22.89,65.81,10.17,31,13,22,18,51
2024-08-10,"Sofia","Bulgarie",12.99,72.76,5.53,31,12,21.5,19,57
2024-08-11,"Sofia","Bulgarie",19.71,75.86,6.9,33,12,22.5,21,55
2024-08-12,"Sofia","Bulgarie",30.72,71.85,10.78,36,13,24.5,23,52
2024-08-13,"Sofia","Bulgarie",26.58,76.05,12.2,37,16,26.5,21,52
2024-08-14,"Sofia","Bulgarie",21.91,71.42,10.5,36,16,26,20,47
2024-08-15,"Sofia",NA,29.255,76.295,12.685,37,19,28,18,56
2024-08-16,"Sofia","Bulgarie",36.6,81.17,14.87,35,18,26.5,17,62
2024-08-17,"Sofia","Bulgarie",21.42,87.83,13.95,34,18,26,16,56
2024-08-18,"Sofia","Bulgarie",12.4,77.01,7.94,33,14,23.5,19,66
2024-08-19,"Sofia","Bulgarie",15,75.24,9.31,30,12,21,18,82
2024-08-20,"Sofia","Bulgarie",30.19,45.31,8.26,27,16,21.5,11,89
2024-08-21,"Sofia","Bulgarie",35.57,40.26,8.99,27,10,18.5,17,88
2024-08-22,"Sofia","Bulgarie",19.41,61.04,9.99,29,13,21,16,75
2024-08-23,"Sofia","Bulgarie",25.74,59.01,5.91,32,14,23,18,59
2024-08-24,"Sofia","Bulgarie",43.16,39.26,15.4,33,14,23.5,19,46
2024-08-25,"Sofia","Bulgarie",25.29,59.81,10.13,32,13,22.5,19,55
2024-08-26,"Sofia","Bulgarie",33.96,43.46,9.73,31,15,23,16,46
2024-08-27,"Sofia","Bulgarie",19.64,49.88,9.81,30,16,23,14,62
2024-08-28,"Sofia","Bulgarie",12.14,85.69,6.42,29,14,21.5,15,53
2024-08-29,"Sofia","Bulgarie",52.76,19.06,11.44,28,12,20,16,70
2024-08-30,"Sofia","Bulgarie",29.55,34.35,8.84,27,12,19.5,15,86
2024-08-31,"Sofia","Bulgarie",22.36,37.98,11.13,26,13,19.5,13,86
2024-09-01,"Sofia","Bulgarie",36.14,31.61,13.81,28,11,19.5,17,60
2024-09-02,"Sofia","Bulgarie",23.37,73.59,8.68,28,13,20.5,15,55
2024-09-03,"Sofia","Bulgarie",53.66,31.7,17.33,30,12,21,18,55
2024-09-04,"Sofia","Bulgarie",37.69,65,19.51,30,14,22,16,54
2024-09-05,"Sofia","Bulgarie",30.59,67.93,19.33,31,15,23,16,59
2024-09-06,"Sofia","Bulgarie",36.37,36.49,16.98,30,15,22.5,15,62
2024-09-07,"Sofia","Bulgarie",16.1,60.69,10.46,28,15,21.5,13,90
2024-09-08,"Sofia","Bulgarie",16.72,55.17,6.43,28,14,21,14,86
2024-09-09,"Sofia","Bulgarie",23.97,50.55,7.97,30,14,22,16,74
2024-09-10,"Sofia","Bulgarie",27.26,46.28,3.63,19,14,16.5,5,92
2024-09-11,"Sofia","Bulgarie",12.03,55.18,4.54,17,10,13.5,7,97
2024-09-12,"Sofia","Bulgarie",38.12,20.33,8.82,26,8,17,18,87
2024-09-13,"Sofia","Bulgarie",52.36,9.9,9.14,25,12,18.5,13,66
2024-09-14,"Sofia","Bulgarie",17.31,27.02,4.85,21,9,15,12,82
2024-09-15,"Sofia","Bulgarie",12.49,27.74,1.52,19,8,13.5,11,88
2024-09-16,"Sofia","Bulgarie",25.07,20.13,3.33,18,7,12.5,11,81
2024-09-17,"Sofia","Bulgarie",25.14,15.14,5.95,21,5,13,16,74
2024-09-18,"Sofia","Bulgarie",45.51,13.12,11.56,15,10,12.5,5,93
2024-09-19,"Sofia","Bulgarie",39.3,15.22,13.94,18,9,13.5,9,91
2024-09-20,"Sofia","Bulgarie",25.96,29.92,7.68,18,10,14,8,93
2024-09-21,"Sofia","Bulgarie",31,34.7,8.84,21,11,16,10,81
2024-09-22,"Sofia","Bulgarie",33.28,32.88,12.39,21,7,14,14,50
2024-09-23,"Sofia","Bulgarie",36.73,29.74,10.98,23,9,16,14,68
2024-09-24,"Sofia","Bulgarie",38.38,34.37,10.25,23,8,15.5,15,56
2024-09-25,"Sofia","Bulgarie",30.56,38.98,9.99,26,12,19,14,69
2024-09-26,"Sofia","Bulgarie",30.42,26.81,7.03,26,10,18,16,79
2024-09-27,"Sofia","Bulgarie",59.9,18.75,11.03,29,12,20.5,17,60
2024-09-28,"Sofia","Bulgarie",59.8,26.36,18.81,29,16,22.5,13,64
2024-09-29,"Sofia","Bulgarie",14.5,32.01,6.91,19,8,13.5,11,85
2024-09-30,"Sofia","Bulgarie",10.93,46.26,0.78,14,5,9.5,9,79
2024-10-01,"Sofia","Bulgarie",12.31,50.51,2.37,17,1,9,16,75
2024-10-02,"Sofia","Bulgarie",56.06,14.17,12.73,22,5,13.5,17,37
2024-10-03,"Sofia","Bulgarie",49.45,17.56,10.4,24,8,16,16,57
2024-10-04,"Sofia","Bulgarie",41.16,24.88,13.18,24,13,18.5,11,70
2024-10-05,"Sofia","Bulgarie",30.44,13.12,6.01,24,12,18,12,85
2024-10-06,"Sofia","Bulgarie",13.62,23.27,4.5,19,8,13.5,11,91
2024-10-07,"Sofia","Bulgarie",21.5,27.63,1.82,20,6,13,14,86
2024-10-08,"Sofia","Bulgarie",45.83,2.69,8.33,23,9,16,14,56
2024-10-09,"Sofia","Bulgarie",44.28,8.11,12.22,22,9,15.5,13,60
2024-10-10,"Sofia","Bulgarie",38.75,20.74,10.53,24,7,15.5,17,73
2024-10-11,"Sofia","Bulgarie",35.57,11.14,10.92,25,14,19.5,11,61
2024-10-12,"Sofia","Bulgarie",9.42,39.74,1.83,19,8,13.5,11,92
2024-10-13,"Sofia","Bulgarie",29.86,14.81,6.05,20,4,12,16,77
2024-10-14,"Sofia","Bulgarie",30.78,21.9,10.25,20,5,12.5,15,57
2024-10-15,"Sofia","Bulgarie",38.25,24.27,9.85,21,5,13,16,73
2024-10-16,"Sofia","Bulgarie",27.41,37.62,5.92,19,6,12.5,13,82
2024-10-17,"Sofia","Bulgarie",29.72,27.33,7.16,16,3,9.5,13,75
2024-10-18,"Sofia","Bulgarie",34.95,29.19,6.47,17,7,12,10,75
2024-10-19,"Sofia","Bulgarie",26.62,36.05,7.65,16,6,11,10,79
2024-10-20,"Sofia","Bulgarie",27.91,35.39,9.29,16,4,10,12,80
2024-10-21,"Sofia","Bulgarie",47.52,10.86,14.72,18,2,10,16,65
2024-10-22,"Sofia","Bulgarie",54.39,4.09,22.9,19,2,10.5,17,47
2024-10-23,"Sofia","Bulgarie",65.65,5.99,25.56,20,3,11.5,17,44
2024-10-24,"Sofia","Bulgarie",46.07,25.45,18.83,19,5,12,14,50
2024-10-25,"Sofia","Bulgarie",49.9,17.88,21.69,19,4,11.5,15,49
2024-10-26,"Sofia","Bulgarie",53.27,10.18,20.56,20,6,13,14,55
2024-10-27,"Sofia","Bulgarie",51.26,13.55,18.64,17,7,12,10,69
2024-10-28,"Sofia","Bulgarie",59.29,9.23,24.55,22,8,15,14,58
2024-10-29,"Sofia","Bulgarie",32.24,17.8,27.65,21,6,13.5,15,71
2024-10-30,"Sofia","Bulgarie",37.82,21.56,21.53,18,7,12.5,11,83
2024-10-31,"Sofia","Bulgarie",33.71,24.19,20.66,17,1,9,16,81
2024-11-01,"Sofia","Bulgarie",31.31,28.64,19.64,17,2,9.5,15,79
2024-11-02,"Sofia","Bulgarie",29.96,27.21,19.2,16,2,9,14,78
2024-11-03,"Sofia","Bulgarie",21.37,21.76,15.63,13,5,9,8,85
2024-11-04,"Sofia","Bulgarie",28.28,12.24,11.24,15,1,8,14,86
2024-11-05,"Sofia","Bulgarie",38.62,22.12,13.25,13,-2,5.5,15,53
2024-11-06,"Sofia","Bulgarie",58.49,11.87,18.22,14,-3,5.5,17,67
2024-11-07,"Sofia","Bulgarie",48.47,18.66,17.86,14,-2,6,16,59
2024-11-08,"Sofia","Bulgarie",67.94,7.07,20.91,14,-3,5.5,17,53
2024-11-09,"Sofia","Bulgarie",46.57,21.92,20.52,15,-2,6.5,17,47
2024-11-10,"Sofia","Bulgarie",19.59,36.11,16,10,0,5,10,67
2024-11-11,"Sofia","Bulgarie",24.32,17.97,3.7,9,-1,4,10,83
2024-11-12,"Sofia","Bulgarie",27.77,6.39,6.41,8,0,4,8,94
2024-11-13,"Sofia","Bulgarie",18.15,3.36,7.86,10,-1,4.5,11,86
2024-11-14,"Sofia","Bulgarie",18.82,4.09,4.63,8,1,4.5,7,91
2024-11-15,"Sofia","Bulgarie",13.13,18.19,6.78,7,-6,0.5,13,94
2024-11-16,"Sofia","Bulgarie",22.65,21.25,11.46,7,-7,0,14,87
2024-11-17,"Sofia","Bulgarie",39.56,6.32,25.27,10,-5,2.5,15,83
2024-11-18,"Sofia","Bulgarie",41.76,13.13,34.66,11,-4,3.5,15,72
2024-11-19,"Sofia","Bulgarie",57.01,4.52,28.14,12,-2,5,14,78
2024-11-20,"Sofia","Bulgarie",33.09,25.4,16.05,14,4,9,10,66
2024-11-21,"Sofia","Bulgarie",26.21,28.75,6.54,11,-1,5,12,96
2024-11-22,"Sofia","Bulgarie",39.57,12.34,12.77,9,-1,4,10,81
2024-11-23,"Sofia","Bulgarie",12.06,39.16,4.9,6,-7,-0.5,13,82
2024-11-24,"Sofia","Bulgarie",36.23,20.84,13.57,5,-5,0,10,64
2024-11-25,"Sofia","Bulgarie",61.25,3.91,38.59,9,-4,2.5,13,48
2024-11-26,"Sofia","Bulgarie",55.57,9.05,26.46,10,-3,3.5,13,60
2024-11-27,"Sofia","Bulgarie",29.78,31.43,11.97,11,-1,5,12,80
2024-11-28,"Sofia","Bulgarie",51.64,5.21,33.77,12,-1,5.5,13,82
2024-11-29,"Sofia","Bulgarie",36.52,10.18,25.52,10,-2,4,12,88
2024-11-30,"Sofia","Bulgarie",22.83,19.61,6.31,3,-4,-0.5,7,100
2024-12-01,"Sofia","Bulgarie",13.2,23.69,5.19,4,-3,0.5,7,99
2024-12-02,"Sofia","Bulgarie",20.23,18.02,1.63,3,-4,-0.5,7,99
2024-12-03,"Sofia","Bulgarie",30.8,16.7,5.36,7,-4,1.5,11,90
2024-12-04,"Sofia","Bulgarie",29.97,10.01,13.05,6,0,3,6,90
2024-12-05,"Sofia","Bulgarie",25.3,21.96,12.5,7,3,5,4,86
2024-12-06,"Sofia","Bulgarie",29.48,16.9,12.94,10,1,5.5,9,95
2024-12-07,"Sofia","Bulgarie",20.7,17.99,7.22,4,-2,1,6,99
2024-12-08,"Sofia","Bulgarie",26.16,22.59,13.93,6,-2,2,8,95
2024-12-09,"Sofia","Bulgarie",42.88,9.18,15.42,8,1,4.5,7,98
2024-12-10,"Sofia","Bulgarie",34.72,15.59,22.54,8,-1,3.5,9,93
2024-12-11,"Sofia","Bulgarie",21.82,16.7,10.57,8,-2,3,10,91
2024-12-12,"Sofia","Bulgarie",17.04,20.72,7.84,5,-6,-0.5,11,97
2024-12-13,"Sofia","Bulgarie",25,22,16.36,6,-6,0,12,80
2024-12-14,"Sofia","Bulgarie",35.53,6.71,25.4,7,-5,1,12,80
2024-12-15,"Sofia","Bulgarie",22.76,19.72,12.57,4,-2,1,6,99
2024-12-16,"Sofia","Bulgarie",15.48,34.67,5.21,4,-6,-1,10,83
2024-12-17,"Sofia","Bulgarie",59.45,7.9,17.9,10,-3,3.5,13,89
2024-12-18,"Sofia","Bulgarie",55.61,14.26,18.74,10,-2,4,12,84
2024-12-19,"Sofia","Bulgarie",59.53,3.75,35.08,10,-1,4.5,11,72
2024-12-20,"Sofia","Bulgarie",61.01,2.87,47.77,9,1,5,8,67
2024-12-21,"Sofia","Bulgarie",20.36,20.63,9.31,3,-7,-2,10,99
2024-12-22,"Sofia","Bulgarie",28.18,24.38,22.83,3,-9,-3,12,90
2024-12-23,"Sofia","Bulgarie",36.24,15.38,30.64,4,-8,-2,12,91
2024-12-24,"Sofia","Bulgarie",15.68,21.34,5.21,2,-2,0,4,95
2024-12-25,"Sofia","Bulgarie",16.89,22.34,4.3,2,-6,-2,8,99
2024-12-26,"Sofia","Bulgarie",16.46,24.48,2.55,1,-10,-4.5,11,96
2024-12-27,"Sofia","Bulgarie",19.74,26.58,11.14,1,-9,-4,10,85
2024-12-28,"Sofia","Bulgarie",22.72,29.36,21.13,2,-9,-3.5,11,91
2024-12-29,"Sofia","Bulgarie",23.46,30.07,20.67,3,-8,-2.5,11,89
2024-12-30,"Sofia","Bulgarie",50.6,5.53,41.47,6,-7,-0.5,13,86
2024-12-31,"Sofia","Bulgarie",56.46,2.86,44.44,8,-5,1.5,13,83
2025-01-01,"Sofia","Bulgarie",55.81,2.11,50.52,8,1,4.5,7,74
2025-01-02,"Sofia","Bulgarie",60.98,3.33,57.39,8,-2,3,10,68
2025-01-03,"Sofia","Bulgarie",52.32,9.81,27.59,8,-2,3,10,78
2025-01-04,"Sofia","Bulgarie",18.62,36.87,5.38,2,-8,-3,10,97
2025-01-05,"Sofia","Bulgarie",49.08,12.67,27.43,6,-7,-0.5,13,68
2025-01-06,"Sofia","Bulgarie",68.36,3.41,60.53,9,-5,2,14,80
2025-01-07,"Sofia","Bulgarie",80.84,2.49,102.38,10,2,6,8,84
2025-01-08,"Sofia","Bulgarie",69.31,4.44,74.29,11,0,5.5,11,90
2025-01-09,"Sofia","Bulgarie",47.02,9.04,15.18,13,0,6.5,13,83
2025-01-10,"Sofia","Bulgarie",37.71,17.7,15.97,11,-1,5,12,80
2025-01-11,"Sofia","Bulgarie",19.9,36.54,6.67,3,-3,0,6,95
2025-01-12,"Sofia","Bulgarie",18.24,36.59,12.46,0,-3,-1.5,3,98
2025-01-13,"Sofia","Bulgarie",23.95,28.52,9.07,-1,-3,-2,2,97
2025-01-14,"Sofia","Bulgarie",29.53,23.99,9.53,-1,-12,-6.5,11,92
2025-01-15,"Sofia","Bulgarie",29.48,21.29,15.16,0,-8,-4,8,92
2025-01-16,"Sofia","Bulgarie",35.82,17.03,32.13,2,-7,-2.5,9,88
2025-01-17,"Sofia","Bulgarie",49.6,6.04,49.05,4,-3,0.5,7,89
2025-01-18,"Sofia","Bulgarie",22.22,18.94,26.92,7,-1,3,8,76
2025-01-19,"Sofia","Bulgarie",44.09,8.37,45.56,8,-2,3,10,78
2025-01-20,"Sofia","Bulgarie",74.41,3.43,64.99,7,-3,2,10,78
2025-01-21,"Sofia","Bulgarie",81.23,3.03,71.05,6,-4,1,10,87
2025-01-22,"Sofia","Bulgarie",63.4,4.02,49.31,6,-3,1.5,9,99
2025-01-23,"Sofia","Bulgarie",53.9,5.88,40.01,9,-4,2.5,13,84
2025-01-24,"Sofia","Bulgarie",54.44,7.31,36.4,10,-3,3.5,13,86
2025-01-25,"Sofia","Bulgarie",37.86,16.86,17.98,10,-2,4,12,88
2025-01-26,"Sofia","Bulgarie",54.76,6.73,27.77,11,-2,4.5,13,72
2025-01-27,"Sofia","Bulgarie",61.25,3.92,42.08,12,-1,5.5,13,69
2025-01-28,"Sofia","Bulgarie",56.18,5.66,35.79,14,0,7,14,60
2025-01-29,"Sofia","Bulgarie",55.1,7.03,26.71,13,4,8.5,9,72
2025-01-30,"Sofia","Bulgarie",49.74,5.46,31.02,12,1,6.5,11,85
2025-01-31,"Sofia","Bulgarie",48.43,3.65,37.21,11,4,7.5,7,85
2025-02-01,"Sofia","Bulgarie",46.6,9.35,40.95,11,4,7.5,7,86
2025-02-02,"Sofia","Bulgarie",32.57,12.21,19.45,10,4,7,6,81
2025-02-03,"Sofia","Bulgarie",19.54,28.17,15.54,8,-1,3.5,9,86
2025-02-04,"Sofia","Bulgarie",24.53,30.88,13.21,5,-5,0,10,82
2025-02-05,"Sofia","Bulgarie",18.41,37.13,18.74,4,-6,-1,10,73
2025-02-06,"Sofia","Bulgarie",21.43,37.07,25.53,5,-3,1,8,77
2025-02-07,"Sofia","Bulgarie",23.67,30.81,12.07,4,-6,-1,10,82
2025-02-08,"Sofia","Bulgarie",24.94,23.68,16.9,5,-9,-2,14,60
2025-02-09,"Sofia","Bulgarie",21.41,28.57,16.19,4,-7,-1.5,11,73
2025-02-10,"Sofia","Bulgarie",44.35,15.14,24.39,4,-9,-2.5,13,60
2025-02-11,"Sofia","Bulgarie",42.25,17.68,25.9,4,-10,-3,14,65
2025-02-12,"Sofia","Bulgarie",28,45.67,11.12,4,-10,-3,14,62
2025-02-13,"Sofia","Bulgarie",33.56,28.29,15.16,6,-6,0,12,91
2025-02-14,"Sofia","Bulgarie",46.36,14.08,27.21,9,-2,3.5,11,90
2025-02-15,"Sofia","Bulgarie",29.16,12.26,21.36,8,-4,2,12,91
2025-02-16,"Sofia","Bulgarie",22.98,14.71,22.52,7,-2,2.5,9,96
2025-02-17,"Sofia","Bulgarie",25.58,22.01,8.88,1,-9,-4,10,99
2025-02-18,"Sofia","Bulgarie",21.83,40,12.29,2,-8,-3,10,96
2025-02-19,"Sofia","Bulgarie",24.44,40.59,16.05,0,-11,-5.5,11,92
2025-02-20,"Sofia","Bulgarie",52.59,20.74,28.64,1,-13,-6,14,75
2025-02-21,"Sofia","Bulgarie",39.05,36.88,24.62,0,-13,-6.5,13,79
2025-02-22,"Sofia","Bulgarie",28.34,47.04,13.82,1,-12,-5.5,13,73
2025-02-23,"Sofia","Bulgarie",25.76,46.64,23.98,3,-4,-0.5,7,85
2025-02-24,"Sofia","Bulgarie",51.23,22.68,41.08,6,-5,0.5,11,96
2025-02-25,"Sofia","Bulgarie",53.83,19.38,40.7,7,-3,2,10,96
2025-02-26,"Sofia","Bulgarie",45.3,7.45,40.49,9,-1,4,10,88
2025-02-27,"Sofia","Bulgarie",42.54,14.98,30.45,10,-2,4,12,87
2025-02-28,"Sofia","Bulgarie",32.11,30.73,25.95,11,0,5.5,11,93
2025-03-01,"Sofia","Bulgarie",19.61,28.21,27.3,8,4,6,4,95
2025-03-02,"Sofia","Bulgarie",11.84,40.75,11.9,5,2,3.5,3,97
2025-03-03,"Sofia","Bulgarie",15.8,49.68,10.45,6,-1,2.5,7,91
2025-03-04,"Sofia","Bulgarie",56.16,31.86,14.89,9,-2,3.5,11,85
2025-03-05,"Sofia","Bulgarie",56.5,19.87,21.49,14,0,7,14,75
2025-03-06,"Sofia","Bulgarie",66.23,11.6,21.74,16,1,8.5,15,57
2025-03-07,"Sofia","Bulgarie",48.37,31.49,15.21,19,2,10.5,17,56
2025-03-08,"Sofia","Bulgarie",30.61,48.04,13.7,17,1,9,16,67
2025-03-09,"Sofia","Bulgarie",46.39,32.96,13.21,16,1,8.5,15,62
2025-03-10,"Sofia","Bulgarie",45.5,34.02,15.72,18,2,10,16,66
2025-03-11,"Sofia","Bulgarie",36.02,42.14,16.1,20,4,12,16,66
2025-03-12,"Sofia","Bulgarie",24.64,43.86,11.2,20,5,12.5,15,80
2025-03-13,"Sofia","Bulgarie",13.17,59.96,9.56,20,8,14,12,86
2025-03-14,"Sofia","Bulgarie",22.16,48.93,8.42,22,7,14.5,15,78
2025-03-15,"Sofia","Bulgarie",8.15,63.82,7.39,25,9,17,16,69
2025-03-16,"Sofia","Bulgarie",28.06,38.77,12.5,19,8,13.5,11,74
2025-03-17,"Sofia","Bulgarie",16.05,46.2,6.89,11,2,6.5,9,82
2025-03-18,"Sofia","Bulgarie",11.81,46.56,7.1275,2,-3,-0.5,5,79
2025-03-19,"Sofia","Bulgarie",19.78,43.12,7.365,7,-4,1.5,11,72
2025-03-20,"Sofia","Bulgarie",39.24,28.5,7.6025,11,-3,4,14,61
2025-03-21,"Sofia","Bulgarie",48.08,24.86,7.84,13,-1,6,14,60
2025-03-22,"Sofia","Bulgarie",43.13,31.56,8.0775,16,2,9,14,58
2025-03-23,"Sofia","Bulgarie",25.96,40.5,8.315,14,4,9,10,84
2025-03-24,"Sofia","Bulgarie",31.1,26.28,8.5525,17,6,11.5,11,83
2025-03-25,"Sofia","Bulgarie",13.72,51.57,8.79,19,9,14,10,96
2025-03-26,"Sofia","Bulgarie",40.89,24.13,9.0275,15,9,12,6,89
2025-03-27,"Sofia","Bulgarie",23.63,42.39,9.265,17,8,12.5,9,90
2025-03-28,"Sofia","Bulgarie",22.55,47.43,9.5025,11,7,9,4,87
2025-03-29,"Sofia","Bulgarie",18.91,48.13,9.74,13,5,9,8,92
2025-03-30,"Sofia","Bulgarie",15.03,34.31,9.9775,12,6,9,6,92
2025-03-31,"Sofia","Bulgarie",21.5,29.53,10.215,8,5,6.5,3,90
2025-04-01,"Sofia","Bulgarie",22.48,25.19,10.4525,10,6,8,4,93
2025-04-02,"Sofia","Bulgarie",24.71,25.88,10.69,10,6,8,4,93
2025-04-03,"Sofia","Bulgarie",11.71,43.81,10.9275,11,3,7,8,91
2025-04-04,"Sofia","Bulgarie",26.58,28.49,11.165,13,2,7.5,11,92
2025-04-05,"Sofia","Bulgarie",21.79,28.34,11.4025,13,3,8,10,92
2025-04-06,"Sofia","Bulgarie",14.32,41.02,11.64,5,1,3,4,82
2025-04-07,"Sofia","Bulgarie",13,44.41,11.8775,5,-3,1,8,89
2025-04-08,"Sofia","Bulgarie",11.4,56.19,12.115,6,-5,0.5,11,74
2025-04-09,"Sofia","Bulgarie",17.51,52.4,12.3525,7,-3,2,10,79
2025-04-10,"Sofia","Bulgarie",21.7,44.01,12.59,9,-2,3.5,11,81
2025-04-11,"Sofia","Bulgarie",10.67,58.37,12.8275,10,-1,4.5,11,85
2025-04-12,"Sofia","Bulgarie",19.76,45.52,13.065,11,2,6.5,9,93
2025-04-13,"Sofia","Bulgarie",31.64,32.98,13.3025,17,0,8.5,17,90
2025-04-14,"Sofia","Bulgarie",33.3,28.82,13.54,13,4,8.5,9,86
2025-04-15,"Sofia","Bulgarie",22,38.44,13.05,11,5,8,6,96
2025-04-16,"Sofia","Bulgarie",24.34,30.82,12.23,21,5,13,16,95
2025-04-17,"Sofia","Bulgarie",20.93,50.85,11.98,21,7,14,14,91
2025-04-18,"Sofia","Bulgarie",18.41,43.11,7.59,17,8,12.5,9,95
2025-04-19,"Sofia","Bulgarie",11.84,46.45,4.32,16,7,11.5,9,94
2025-04-20,"Sofia","Bulgarie",21.02,34,9.27,20,5,12.5,15,92
2025-04-21,"Sofia","Bulgarie",21.04,39.7,9.51,21,8,14.5,13,82
2025-04-22,"Sofia","Bulgarie",31.73,15.13,14.41,21,8,14.5,13,88
2025-04-23,"Sofia","Bulgarie",32.08,22.96,9.82,20,8,14,12,89
2025-04-24,"Sofia","Bulgarie",29.2,17.94,11.99,18,8,13,10,92
2025-04-25,"Sofia","Bulgarie",28.41,10.42,9.57,19,6,12.5,13,89
2025-04-26,"Sofia","Bulgarie",22.55,40.65,8.07,20,7,13.5,13,86
2025-04-27,"Sofia","Bulgarie",14.71,40.19,6.75,14,6,10,8,94
2025-04-28,"Sofia","Bulgarie",16.37,47.95,6.72,14,4,9,10,84
2025-04-29,"Sofia","Bulgarie",21.73,49.42,5.54,15,1,8,14,84
2025-04-30,"Sofia","Bulgarie",31.11,34.92,8.02,17,2,9.5,15,69
2025-05-01,"Sofia","Bulgarie",20.97,48.83,8.43,19,5,12,14,83
2025-05-02,"Sofia","Bulgarie",24.32,42.07,6.99,20,7,13.5,13,94
2025-05-03,"Sofia",NA,31.52,32.725,8.755,22,6,14,16,82
2025-05-04,"Sofia","Bulgarie",38.72,23.38,10.52,24,9,16.5,15,84
2025-05-05,"Sofia","Bulgarie",21.55,50.96,8.16,23,10,16.5,13,84
2025-05-06,"Sofia","Bulgarie",18.94,43.14,8.17,24,9,16.5,15,81
2025-05-07,"Sofia","Bulgarie",15.82,35.63,3.44,19,8,13.5,11,89
2025-05-08,"Sofia","Bulgarie",19.24,29.01,4,20,8,14,12,92
2025-05-09,"Sofia","Bulgarie",11.82,48.94,2.73,18,6,12,12,91
2025-05-10,"Sofia","Bulgarie",14.31,44.58,4.86,16,7,11.5,9,93
2025-05-11,"Sofia","Bulgarie",17.28,37.94,5.58,18,4,11,14,92
2025-05-12,"Sofia","Bulgarie",15.66,51.76,5.05,17,6,11.5,11,92
2025-05-13,"Sofia","Bulgarie",13.65,52.89,4.35,15,6,10.5,9,82
2025-05-14,"Sofia","Bulgarie",20.21,41.18,5.78,17,3,10,14,92
2025-05-15,"Sofia","Bulgarie",26.41,41.72,6.51,20,3,11.5,17,81
2025-05-16,"Sofia","Bulgarie",14.28,39.06,5.23,13,6,9.5,7,96
2025-05-17,"Sofia","Bulgarie",9.08,45.71,3.13,13,3,8,10,98
2025-05-18,"Sofia","Bulgarie",13.64,44.66,2.55,19,2,10.5,17,81
2025-05-19,"Sofia","Bulgarie",22.03,43.82,3.92,19,4,11.5,15,81
2025-05-20,"Sofia","Bulgarie",22.34,48.44,4.37,19,6,12.5,13,95
2025-05-21,"Sofia","Bulgarie",31.94,34.53,5.48,22,8,15,14,72
2025-05-22,"Sofia","Bulgarie",24.31,37.82,4.74,22,8,15,14,91
2025-05-23,"Sofia","Bulgarie",21.22,46.5,6.31,25,9,17,16,87
2025-05-24,"Sofia","Bulgarie",10.42,36.88,5.3,18,9,13.5,9,95
2025-05-25,"Sofia","Bulgarie",8.52,37.97,4.55,9,7,8,2,98
2025-05-26,"Sofia","Bulgarie",8.62,51.67,2.81,10,6,8,4,98
2025-05-27,"Sofia","Bulgarie",9.62,51.6,6.1,17,7,12,10,94
2025-05-28,"Sofia","Bulgarie",10.54,61.72,26.43,18,7,12.5,11,93
2025-05-29,"Sofia","Bulgarie",16.33,48.58,9.46,16,6,11,10,89
2025-05-30,"Sofia","Bulgarie",15.17,37.58,4.92,15,8,11.5,7,91
2025-05-31,"Sofia","Bulgarie",19.79,34.75,6.21,19,8,13.5,11,92
